// Generated by tools/gen_tsumego.py from cho.zip -- do not edit by hand.
//
// 900 problems from Cho Chikun's "Encyclopedia of Life and Death -
// Elementary", in a fixed pseudo-random order (seed 20260916) so that the
// problem of the day cycles through the whole book without repeats.
#pragma once
#include <stdint.h>

#define TSUMEGO_COUNT 900

// The book's problem number of each entry.
static const uint16_t TSUMEGO_NUMBER[TSUMEGO_COUNT] = {
    790, 391,  39, 474, 326, 412, 812, 146,  18, 322, 713, 593, 843, 487, 883, 794,
    388, 400, 595, 119, 430, 362, 263, 284, 742,  79, 878, 166, 703, 144, 324, 744,
    881, 555, 736, 782,  45, 730, 142, 832, 846, 870, 300, 295, 581, 775, 509, 484,
    201, 372,  85,  82, 303, 328, 332, 896, 705,  36,  14, 850, 223,  83,  88, 885,
    899,  47, 739, 306, 351, 762, 588, 655, 661, 692, 516, 271, 579, 277, 608, 526,
    515,  52, 536, 706, 455, 629, 399, 404, 884, 549,  89,  37, 848, 386, 280, 226,
    600, 869, 667, 298,  64, 582, 835,  17, 356, 132, 792, 179, 615, 566, 309, 344,
    717, 147, 823, 321, 647, 373,  11, 537, 316, 594, 601, 799, 586, 475, 143, 523,
    468,   6, 871, 215, 167,   7, 162, 813, 830, 837, 856, 217, 307, 157, 574, 260,
    124, 424, 240, 205, 634, 355, 765, 426, 181, 198, 212, 401, 123, 810,  60, 384,
    702, 409, 421, 377, 385, 664,  27, 343, 130, 431, 625, 101, 406, 718, 503, 218,
    633, 690, 542, 320, 656, 439, 741, 323, 353, 505, 453, 330, 859, 686, 520, 711,
     33, 708, 583, 418, 293,  54, 341, 278, 763,  71, 804, 115, 700, 461, 149, 393,
    572, 507, 292, 519, 898,  80, 646, 604, 462,  63, 641, 598, 159, 268, 735, 141,
    619, 318, 313,  73, 565, 471, 335, 189, 535, 275, 886, 265, 485, 508, 444, 858,
    727, 663, 301, 693, 694, 649, 438,   4, 209, 562, 568, 369, 238, 425, 194, 267,
    621, 578, 188, 270, 239, 779, 752, 616, 606, 477, 360, 569, 416, 346, 443, 527,
     92, 408,  57,  68,  69, 252,  56, 185, 109, 436, 757, 789,  65, 785, 770, 257,
    771, 626, 784, 160, 291,  94, 294, 772, 113, 650, 168, 599, 327, 539, 207,  29,
    470, 446, 352, 192, 281, 682, 259, 150, 413, 684, 340, 880, 128, 220, 551, 511,
    499, 496,  76, 241,  75, 134, 780,  66, 390, 758, 559, 864, 232,   8, 512, 777,
    585, 368,  20, 590, 553,  15, 315, 114, 354, 297, 338, 122, 482, 325, 648, 135,
    350, 136, 396, 829, 479, 501,  87, 529, 454, 504, 614, 674, 389, 365, 795, 729,
    451, 745, 197,  43,  70, 746, 724, 200, 176, 613, 560, 117, 862, 208, 759, 719,
    175, 557, 563, 367, 253, 206, 164, 673, 791, 807, 476, 273, 334, 230,   1, 214,
    716, 737,  62, 264, 151, 219, 796, 305, 665, 246, 805, 339,  61, 786, 872, 728,
    312, 434, 514, 592, 283, 642, 533, 607, 381, 510, 622,  35, 224, 540, 380, 304,
    853, 329, 437, 651, 833, 481, 712, 597, 202, 811, 538, 359, 103, 397, 210, 709,
    644,  49, 414, 868, 636,  53, 827, 603, 834, 442, 177, 675, 710, 631, 774, 190,
    696, 251,  98,  12, 435, 800, 715, 627, 231, 808,  38, 357, 714, 580, 152, 749,
    456, 111, 235, 445, 531, 457, 180, 875, 243,  22, 630,  28, 441, 364, 564, 358,
    289, 420, 285, 668,  41, 816, 261, 193, 156, 182, 764, 876,  93, 254, 806, 570,
    237, 672, 116, 861, 817, 106, 545, 704,  21, 546,  74, 821, 722, 366, 831, 245,
    191, 851, 262, 670, 478, 302, 282, 826, 890, 676, 225, 105, 573, 689, 233, 314,
    460, 269, 172, 169, 402,  58, 378, 256, 662, 429,  40, 518, 725,  95, 216, 410,
     31, 820, 556, 522, 398, 657, 525, 802, 734, 174, 847, 695, 733, 584, 666, 229,
    534,  77, 624, 342, 125, 680, 857, 754, 575, 138, 530, 620, 798, 153, 345, 186,
    632,  24, 493, 814, 299, 738, 196, 852, 610, 464, 258, 887, 466, 743, 815, 234,
    860,  30, 250, 751,  46, 383, 658, 500, 348, 609, 865, 768, 747, 723, 854,  25,
    375, 483, 433, 336, 319, 222, 165, 467, 104,   5,  84, 428,  96, 639, 652, 279,
    213, 698, 891, 839, 893, 145, 541, 659, 691, 290, 577, 382, 432, 161, 882, 331,
    469, 550, 617, 521, 102, 440, 776, 611, 199,  13,  42, 897, 567, 635, 801, 849,
    841,  72,  91, 863, 242, 873, 127, 502, 419, 894, 129, 371,  67, 140, 866, 376,
    760, 748,  23, 211, 701, 227, 874, 793, 247, 494,   2, 274, 638, 840, 411, 473,
    683, 643, 778, 726, 107,  10, 310, 148, 370, 867, 296,  81, 347,  34, 685, 838,
    158, 797, 108, 137, 889, 100, 236, 707, 819,  16, 490, 244, 877, 155, 452, 552,
    361, 844, 173,  90, 524,   3, 788, 732, 287, 403,  86, 480, 532, 495, 407, 688,
    671, 317, 528, 803, 463, 822, 139, 589, 405, 828, 110, 183, 756, 740, 900, 824,
    337, 773, 761, 272, 204, 498, 561, 118, 842, 640, 783, 721,  99, 286, 184, 423,
    486, 472, 645, 750, 669, 154, 394, 450, 203, 448, 459, 766, 755, 558, 895, 395,
    387, 363,  59,   9, 170, 681, 492, 171, 677, 121, 687, 228, 787, 349, 855,  97,
    571,  19, 133, 506, 596, 288, 221, 637, 591, 769,  55, 120, 879, 126, 720, 311,
    602, 547, 458,  51, 623, 417, 266, 489, 333,  26, 374,  50,  78,  32, 195, 491,
    731, 543, 697, 308, 612, 488, 845, 187, 809, 825,  48, 497, 767, 131, 415, 836,
    544, 427, 653, 422, 818, 465, 654, 554, 276, 447, 178, 255, 249, 548, 628, 576,
    753, 513, 618, 587, 678, 449, 605, 781, 888, 248, 517, 379, 112, 660, 892, 163,
    392, 699,  44, 679,
};

// Byte offset of each entry in TSUMEGO_DATA; entry TSUMEGO_COUNT is the end.
static const uint16_t TSUMEGO_OFFSET[TSUMEGO_COUNT + 1] = {
        0,    26,    41,    63,    82,    98,   117,   140,   153,   172,   192,   213,
      232,   257,   277,   305,   330,   356,   374,   392,   411,   423,   437,   455,
      474,   501,   520,   547,   569,   588,   605,   617,   637,   663,   683,   709,
      733,   751,   776,   801,   830,   859,   885,   900,   921,   941,   960,   981,
     1003,  1020,  1040,  1058,  1075,  1097,  1114,  1132,  1169,  1195,  1212,  1227,
     1254,  1270,  1292,  1308,  1339,  1374,  1388,  1409,  1426,  1443,  1470,  1490,
     1513,  1533,  1557,  1578,  1595,  1613,  1631,  1643,  1665,  1685,  1702,  1722,
     1745,  1762,  1781,  1798,  1815,  1845,  1867,  1888,  1905,  1933,  1951,  1969,
     1986,  2005,  2034,  2060,  2091,  2109,  2128,  2156,  2176,  2189,  2205,  2230,
     2250,  2271,  2292,  2307,  2324,  2343,  2358,  2390,  2405,  2427,  2447,  2462,
     2483,  2501,  2521,  2539,  2563,  2584,  2603,  2620,  2641,  2661,  2675,  2706,
     2724,  2738,  2752,  2775,  2799,  2838,  2869,  2892,  2913,  2931,  2948,  2967,
     2987,  3004,  3027,  3045,  3064,  3085,  3106,  3130,  3151,  3167,  3183,  3202,
     3220,  3244,  3267,  3288,  3306,  3326,  3345,  3369,  3386,  3405,  3426,  3446,
     3467,  3488,  3503,  3525,  3567,  3586,  3607,  3625,  3646,  3672,  3697,  3718,
     3737,  3757,  3775,  3797,  3812,  3829,  3846,  3864,  3881,  3910,  3934,  3954,
     3977,  3999,  4021,  4043,  4064,  4086,  4104,  4119,  4137,  4166,  4188,  4215,
     4233,  4253,  4270,  4283,  4301,  4317,  4336,  4357,  4377,  4416,  4439,  4455,
     4473,  4492,  4518,  4539,  4558,  4574,  4593,  4618,  4636,  4662,  4682,  4699,
     4721,  4745,  4764,  4783,  4799,  4822,  4841,  4877,  4895,  4918,  4939,  4954,
     4983,  5005,  5026,  5041,  5065,  5089,  5104,  5122,  5135,  5158,  5177,  5197,
     5215,  5234,  5259,  5277,  5295,  5316,  5334,  5351,  5372,  5389,  5413,  5436,
     5454,  5473,  5493,  5509,  5529,  5548,  5568,  5586,  5606,  5626,  5645,  5666,
     5686,  5704,  5720,  5736,  5750,  5775,  5788,  5809,  5832,  5852,  5875,  5897,
     5917,  5938,  5958,  5983,  5998,  6021,  6032,  6049,  6071,  6090,  6112,  6127,
     6147,  6163,  6183,  6200,  6220,  6239,  6256,  6272,  6290,  6310,  6327,  6345,
     6365,  6383,  6403,  6425,  6454,  6475,  6489,  6510,  6530,  6550,  6574,  6592,
     6608,  6624,  6639,  6662,  6681,  6697,  6720,  6739,  6760,  6778,  6792,  6813,
     6836,  6859,  6875,  6892,  6909,  6926,  6943,  6963,  6983,  7001,  7018,  7033,
     7053,  7073,  7085,  7106,  7120,  7137,  7149,  7167,  7195,  7214,  7235,  7253,
     7273,  7292,  7307,  7327,  7347,  7369,  7382,  7406,  7430,  7447,  7472,  7489,
     7505,  7523,  7546,  7572,  7591,  7609,  7629,  7648,  7658,  7679,  7698,  7725,
     7745,  7761,  7778,  7800,  7817,  7834,  7850,  7864,  7884,  7910,  7936,  7955,
     7974,  7993,  8011,  8024,  8040,  8063,  8087,  8115,  8133,  8147,  8167,  8191,
     8213,  8236,  8258,  8279,  8293,  8315,  8336,  8365,  8386,  8401,  8414,  8439,
     8458,  8478,  8501,  8521,  8549,  8571,  8590,  8610,  8625,  8640,  8660,  8682,
     8702,  8726,  8742,  8760,  8780,  8816,  8837,  8857,  8876,  8896,  8920,  8940,
     8958,  8986,  9001,  9023,  9046,  9067,  9082,  9105,  9131,  9154,  9172,  9197,
     9216,  9245,  9263,  9282,  9302,  9324,  9345,  9364,  9380,  9402,  9418,  9438,
     9455,  9470,  9494,  9513,  9538,  9556,  9579,  9596,  9612,  9632,  9653,  9669,
     9694,  9711,  9725,  9740,  9758,  9776,  9794,  9816,  9845,  9863,  9880,  9901,
     9918,  9937,  9950,  9972,  9989, 10011, 10031, 10049, 10072, 10088, 10114, 10136,
    10154, 10170, 10188, 10216, 10250, 10263, 10283, 10309, 10327, 10350, 10369, 10379,
    10395, 10422, 10447, 10470, 10495, 10513, 10535, 10556, 10582, 10607, 10621, 10653,
    10671, 10686, 10711, 10728, 10745, 10763, 10781, 10800, 10827, 10857, 10877, 10894,
    10914, 10935, 10960, 10980, 11001, 11016, 11035, 11049, 11063, 11081, 11102, 11119,
    11143, 11163, 11181, 11203, 11223, 11245, 11258, 11276, 11295, 11314, 11339, 11358,
    11379, 11395, 11415, 11436, 11462, 11486, 11500, 11528, 11548, 11573, 11595, 11619,
    11636, 11657, 11685, 11704, 11723, 11741, 11761, 11789, 11811, 11834, 11852, 11875,
    11897, 11921, 11936, 11957, 11972, 11994, 12010, 12028, 12054, 12075, 12099, 12118,
    12144, 12166, 12183, 12200, 12233, 12250, 12271, 12294, 12315, 12336, 12356, 12374,
    12395, 12416, 12435, 12459, 12478, 12493, 12511, 12549, 12575, 12598, 12623, 12651,
    12668, 12684, 12703, 12727, 12744, 12764, 12779, 12804, 12825, 12849, 12867, 12888,
    12907, 12943, 12963, 12985, 13003, 13023, 13041, 13076, 13100, 13138, 13158, 13181,
    13204, 13228, 13252, 13271, 13287, 13302, 13323, 13351, 13367, 13386, 13408, 13431,
    13450, 13494, 13512, 13534, 13554, 13571, 13588, 13605, 13634, 13655, 13679, 13703,
    13731, 13753, 13773, 13792, 13813, 13832, 13861, 13881, 13904, 13927, 13963, 13987,
    14002, 14020, 14048, 14071, 14086, 14106, 14130, 14144, 14164, 14185, 14202, 14231,
    14257, 14274, 14294, 14310, 14331, 14352, 14375, 14396, 14414, 14434, 14452, 14477,
    14502, 14524, 14541, 14558, 14573, 14590, 14613, 14637, 14655, 14679, 14700, 14722,
    14746, 14763, 14787, 14807, 14828, 14859, 14877, 14892, 14911, 14937, 14955, 14976,
    14994, 15029, 15046, 15065, 15084, 15103, 15126, 15143, 15159, 15178, 15193, 15219,
    15242, 15263, 15281, 15297, 15318, 15339, 15367, 15384, 15410, 15428, 15442, 15463,
    15488, 15505, 15537, 15568, 15585, 15602, 15630, 15647, 15661, 15684, 15710, 15743,
    15767, 15778, 15798, 15819, 15838, 15856, 15874, 15892, 15902, 15928, 15948, 15969,
    15992, 16014, 16037, 16054, 16076, 16096, 16116, 16137, 16156, 16179, 16194, 16210,
    16228, 16244, 16261, 16277, 16297, 16323, 16343, 16376, 16392, 16412, 16426, 16450,
    16465, 16481, 16502, 16528, 16542, 16562, 16584, 16610, 16626, 16648, 16667, 16693,
    16716, 16732, 16747, 16766, 16787, 16806, 16824, 16839, 16860, 16880, 16902, 16922,
    16942, 16972, 16988, 17011, 17034, 17052, 17071, 17089, 17106, 17128, 17149, 17166,
    17187, 17206, 17226, 17242, 17260, 17285, 17301, 17318, 17339, 17364, 17387, 17413,
    17426, 17446, 17467, 17494, 17510, 17536, 17563, 17578, 17596, 17619, 17639, 17659,
    17685, 17706, 17731, 17752, 17773, 17801, 17819, 17842, 17863, 17885, 17904, 17924,
    17942, 17960, 17982, 18003, 18021, 18041, 18061, 18080, 18101, 18120, 18136, 18155,
    18178, 18210, 18226, 18246, 18269, 18283, 18302, 18339, 18352, 18371, 18392, 18412,
    18431,
};

// Per entry: nBlack, nWhite, then one byte per stone, (row << 4) | col,
// black stones first. Row 0 is the top edge, column 0 the left edge.
static const uint8_t TSUMEGO_DATA[18431] = {
    0x0e, 0x0a, 0x02, 0x12, 0x15, 0x17, 0x19, 0x22, 0x27, 0x32, 0x37, 0x42, 0x43, 0x44, 0x45, 0x46,
    0x03, 0x06, 0x13, 0x16, 0x23, 0x26, 0x33, 0x34, 0x35, 0x36, 0x05, 0x08, 0x13, 0x20, 0x21, 0x22,
    0x23, 0x04, 0x14, 0x24, 0x30, 0x31, 0x32, 0x33, 0x34, 0x08, 0x0c, 0x02, 0x04, 0x10, 0x12, 0x13,
    0x14, 0x21, 0x31, 0x01, 0x11, 0x15, 0x22, 0x23, 0x24, 0x25, 0x30, 0x32, 0x40, 0x41, 0x42, 0x0a,
    0x07, 0x03, 0x05, 0x12, 0x15, 0x25, 0x32, 0x33, 0x34, 0x41, 0x52, 0x04, 0x14, 0x20, 0x21, 0x22,
    0x23, 0x31, 0x06, 0x08, 0x01, 0x04, 0x13, 0x20, 0x21, 0x23, 0x03, 0x14, 0x16, 0x24, 0x31, 0x33,
    0x34, 0x41, 0x07, 0x0a, 0x00, 0x04, 0x10, 0x14, 0x21, 0x22, 0x24, 0x05, 0x15, 0x20, 0x25, 0x30,
    0x31, 0x32, 0x33, 0x35, 0x53, 0x09, 0x0c, 0x01, 0x03, 0x04, 0x11, 0x14, 0x21, 0x24, 0x32, 0x34,
    0x05, 0x10, 0x15, 0x20, 0x22, 0x25, 0x31, 0x35, 0x41, 0x42, 0x43, 0x44, 0x06, 0x05, 0x14, 0x16,
    0x23, 0x24, 0x31, 0x32, 0x02, 0x10, 0x13, 0x21, 0x22, 0x0a, 0x07, 0x05, 0x15, 0x21, 0x23, 0x24,
    0x26, 0x31, 0x32, 0x41, 0x43, 0x04, 0x11, 0x12, 0x13, 0x14, 0x20, 0x22, 0x07, 0x0b, 0x11, 0x12,
    0x15, 0x16, 0x23, 0x24, 0x25, 0x10, 0x17, 0x21, 0x22, 0x26, 0x27, 0x29, 0x33, 0x34, 0x35, 0x42,
    0x0b, 0x08, 0x03, 0x06, 0x16, 0x21, 0x26, 0x31, 0x32, 0x33, 0x34, 0x35, 0x36, 0x01, 0x05, 0x11,
    0x15, 0x22, 0x23, 0x24, 0x25, 0x07, 0x0a, 0x01, 0x03, 0x13, 0x21, 0x23, 0x31, 0x32, 0x04, 0x10,
    0x14, 0x24, 0x30, 0x33, 0x40, 0x41, 0x42, 0x43, 0x0d, 0x0a, 0x03, 0x07, 0x10, 0x17, 0x21, 0x26,
    0x32, 0x36, 0x41, 0x43, 0x44, 0x45, 0x46, 0x01, 0x05, 0x11, 0x16, 0x22, 0x23, 0x25, 0x33, 0x34,
    0x35, 0x07, 0x0b, 0x05, 0x13, 0x14, 0x20, 0x21, 0x22, 0x23, 0x02, 0x06, 0x10, 0x15, 0x24, 0x26,
    0x30, 0x31, 0x32, 0x33, 0x34, 0x0f, 0x0b, 0x03, 0x06, 0x10, 0x16, 0x21, 0x25, 0x31, 0x33, 0x35,
    0x41, 0x45, 0x52, 0x53, 0x54, 0x55, 0x01, 0x04, 0x11, 0x15, 0x22, 0x24, 0x32, 0x34, 0x42, 0x43,
    0x44, 0x0a, 0x0d, 0x12, 0x13, 0x15, 0x22, 0x25, 0x26, 0x32, 0x33, 0x34, 0x35, 0x11, 0x16, 0x17,
    0x21, 0x24, 0x27, 0x31, 0x36, 0x42, 0x44, 0x45, 0x46, 0x52, 0x0e, 0x0a, 0x01, 0x02, 0x06, 0x12,
    0x16, 0x20, 0x26, 0x30, 0x31, 0x32, 0x33, 0x34, 0x35, 0x36, 0x03, 0x05, 0x10, 0x13, 0x15, 0x21,
    0x22, 0x23, 0x24, 0x25, 0x09, 0x07, 0x04, 0x10, 0x14, 0x24, 0x30, 0x31, 0x32, 0x33, 0x34, 0x00,
    0x03, 0x13, 0x20, 0x21, 0x22, 0x23, 0x07, 0x09, 0x01, 0x03, 0x13, 0x23, 0x30, 0x31, 0x32, 0x04,
    0x11, 0x14, 0x24, 0x33, 0x40, 0x41, 0x42, 0x43, 0x09, 0x08, 0x01, 0x11, 0x15, 0x22, 0x25, 0x31,
    0x32, 0x33, 0x34, 0x00, 0x02, 0x04, 0x12, 0x14, 0x20, 0x21, 0x23, 0x04, 0x06, 0x01, 0x21, 0x22,
    0x23, 0x14, 0x24, 0x31, 0x32, 0x33, 0x34, 0x05, 0x07, 0x14, 0x23, 0x24, 0x31, 0x32, 0x03, 0x10,
    0x12, 0x13, 0x20, 0x21, 0x22, 0x06, 0x0a, 0x10, 0x11, 0x14, 0x15, 0x22, 0x23, 0x05, 0x16, 0x21,
    0x24, 0x25, 0x26, 0x31, 0x32, 0x33, 0x34, 0x0a, 0x07, 0x02, 0x13, 0x15, 0x20, 0x21, 0x22, 0x25,
    0x33, 0x34, 0x42, 0x04, 0x10, 0x11, 0x12, 0x14, 0x23, 0x24, 0x0e, 0x0b, 0x01, 0x06, 0x11, 0x16,
    0x19, 0x22, 0x27, 0x28, 0x29, 0x31, 0x33, 0x34, 0x35, 0x36, 0x02, 0x03, 0x12, 0x14, 0x15, 0x17,
    0x18, 0x23, 0x24, 0x25, 0x26, 0x07, 0x0a, 0x11, 0x12, 0x14, 0x20, 0x24, 0x33, 0x34, 0x05, 0x15,
    0x21, 0x25, 0x31, 0x32, 0x35, 0x42, 0x43, 0x44, 0x0e, 0x0b, 0x07, 0x11, 0x17, 0x21, 0x27, 0x32,
    0x33, 0x37, 0x46, 0x47, 0x52, 0x53, 0x54, 0x55, 0x06, 0x15, 0x16, 0x22, 0x23, 0x24, 0x26, 0x34,
    0x36, 0x44, 0x45, 0x08, 0x0c, 0x04, 0x13, 0x21, 0x22, 0x24, 0x32, 0x33, 0x34, 0x02, 0x12, 0x14,
    0x15, 0x25, 0x31, 0x35, 0x41, 0x42, 0x43, 0x44, 0x45, 0x07, 0x0a, 0x03, 0x07, 0x13, 0x17, 0x24,
    0x25, 0x26, 0x08, 0x12, 0x18, 0x22, 0x23, 0x27, 0x28, 0x34, 0x35, 0x36, 0x09, 0x06, 0x12, 0x15,
    0x20, 0x23, 0x24, 0x25, 0x30, 0x31, 0x32, 0x10, 0x11, 0x13, 0x14, 0x21, 0x22, 0x07, 0x03, 0x15,
    0x23, 0x25, 0x33, 0x41, 0x42, 0x45, 0x13, 0x14, 0x21, 0x0a, 0x08, 0x01, 0x10, 0x16, 0x20, 0x26,
    0x31, 0x32, 0x33, 0x34, 0x35, 0x03, 0x05, 0x11, 0x15, 0x21, 0x22, 0x23, 0x24, 0x09, 0x0f, 0x05,
    0x15, 0x23, 0x25, 0x33, 0x35, 0x43, 0x44, 0x45, 0x06, 0x11, 0x14, 0x16, 0x21, 0x24, 0x26, 0x32,
    0x34, 0x36, 0x42, 0x46, 0x53, 0x54, 0x55, 0x08, 0x0a, 0x01, 0x05, 0x11, 0x12, 0x15, 0x22, 0x23,
    0x24, 0x06, 0x10, 0x16, 0x21, 0x25, 0x26, 0x31, 0x32, 0x33, 0x34, 0x0a, 0x0e, 0x02, 0x07, 0x12,
    0x16, 0x17, 0x22, 0x23, 0x24, 0x25, 0x26, 0x01, 0x04, 0x08, 0x11, 0x14, 0x18, 0x21, 0x27, 0x28,
    0x32, 0x33, 0x34, 0x35, 0x36, 0x09, 0x0d, 0x02, 0x04, 0x11, 0x14, 0x21, 0x24, 0x31, 0x32, 0x33,
    0x01, 0x05, 0x13, 0x15, 0x20, 0x25, 0x30, 0x34, 0x40, 0x41, 0x42, 0x43, 0x44, 0x06, 0x0a, 0x10,
    0x11, 0x13, 0x14, 0x22, 0x32, 0x05, 0x12, 0x15, 0x23, 0x24, 0x25, 0x30, 0x33, 0x41, 0x42, 0x0e,
    0x09, 0x02, 0x05, 0x12, 0x18, 0x1a, 0x22, 0x28, 0x32, 0x33, 0x34, 0x35, 0x36, 0x37, 0x38, 0x03,
    0x07, 0x13, 0x17, 0x23, 0x24, 0x25, 0x26, 0x27, 0x0a, 0x0d, 0x05, 0x10, 0x12, 0x13, 0x15, 0x21,
    0x23, 0x24, 0x25, 0x31, 0x01, 0x04, 0x11, 0x16, 0x22, 0x26, 0x32, 0x34, 0x35, 0x36, 0x40, 0x41,
    0x42, 0x0b, 0x10, 0x05, 0x12, 0x16, 0x22, 0x26, 0x33, 0x34, 0x36, 0x44, 0x45, 0x46, 0x02, 0x11,
    0x17, 0x21, 0x25, 0x27, 0x32, 0x35, 0x37, 0x42, 0x43, 0x47, 0x54, 0x55, 0x56, 0x74, 0x0b, 0x10,
    0x03, 0x07, 0x13, 0x17, 0x23, 0x26, 0x27, 0x33, 0x34, 0x35, 0x36, 0x02, 0x08, 0x12, 0x14, 0x16,
    0x18, 0x22, 0x25, 0x28, 0x32, 0x37, 0x38, 0x43, 0x44, 0x45, 0x46, 0x0a, 0x0e, 0x02, 0x03, 0x07,
    0x12, 0x16, 0x22, 0x24, 0x26, 0x33, 0x34, 0x05, 0x11, 0x17, 0x18, 0x21, 0x23, 0x27, 0x32, 0x35,
    0x36, 0x37, 0x42, 0x43, 0x44, 0x05, 0x08, 0x03, 0x12, 0x14, 0x22, 0x23, 0x10, 0x15, 0x24, 0x26,
    0x31, 0x32, 0x33, 0x34, 0x0b, 0x08, 0x01, 0x05, 0x06, 0x16, 0x21, 0x26, 0x31, 0x32, 0x33, 0x34,
    0x36, 0x02, 0x03, 0x10, 0x11, 0x15, 0x22, 0x23, 0x25, 0x0b, 0x07, 0x03, 0x10, 0x15, 0x25, 0x32,
    0x33, 0x34, 0x35, 0x40, 0x41, 0x52, 0x02, 0x21, 0x22, 0x23, 0x24, 0x30, 0x31, 0x07, 0x0a, 0x04,
    0x11, 0x15, 0x21, 0x23, 0x24, 0x32, 0x12, 0x16, 0x22, 0x25, 0x27, 0x33, 0x34, 0x35, 0x41, 0x42,
    0x08, 0x0b, 0x02, 0x03, 0x04, 0x14, 0x21, 0x22, 0x23, 0x24, 0x01, 0x05, 0x12, 0x15, 0x25, 0x30,
    0x31, 0x32, 0x33, 0x34, 0x35, 0x08, 0x0c, 0x11, 0x14, 0x15, 0x20, 0x21, 0x22, 0x23, 0x31, 0x06,
    0x12, 0x13, 0x16, 0x24, 0x25, 0x26, 0x32, 0x33, 0x34, 0x41, 0x52, 0x09, 0x06, 0x14, 0x23, 0x25,
    0x27, 0x32, 0x33, 0x40, 0x41, 0x52, 0x11, 0x12, 0x13, 0x22, 0x30, 0x31, 0x09, 0x09, 0x14, 0x16,
    0x25, 0x30, 0x31, 0x32, 0x33, 0x34, 0x40, 0x04, 0x13, 0x20, 0x21, 0x22, 0x23, 0x41, 0x42, 0x61,
    0x06, 0x0a, 0x11, 0x12, 0x14, 0x15, 0x23, 0x25, 0x10, 0x16, 0x18, 0x21, 0x22, 0x26, 0x32, 0x33,
    0x35, 0x36, 0x06, 0x09, 0x01, 0x05, 0x11, 0x12, 0x14, 0x15, 0x06, 0x10, 0x16, 0x21, 0x22, 0x24,
    0x25, 0x26, 0x42, 0x0b, 0x09, 0x07, 0x17, 0x20, 0x21, 0x24, 0x25, 0x26, 0x27, 0x32, 0x33, 0x41,
    0x01, 0x06, 0x10, 0x11, 0x14, 0x15, 0x16, 0x22, 0x23, 0x09, 0x06, 0x04, 0x14, 0x23, 0x24, 0x33,
    0x40, 0x41, 0x42, 0x44, 0x01, 0x12, 0x13, 0x20, 0x31, 0x32, 0x06, 0x0a, 0x14, 0x22, 0x24, 0x31,
    0x32, 0x41, 0x04, 0x15, 0x17, 0x25, 0x33, 0x35, 0x42, 0x43, 0x51, 0x62, 0x0e, 0x15, 0x11, 0x12,
    0x13, 0x14, 0x15, 0x21, 0x25, 0x31, 0x35, 0x41, 0x44, 0x45, 0x52, 0x53, 0x01, 0x02, 0x03, 0x04,
    0x05, 0x10, 0x16, 0x20, 0x23, 0x26, 0x30, 0x36, 0x40, 0x43, 0x46, 0x51, 0x54, 0x55, 0x61, 0x62,
    0x63, 0x0d, 0x0b, 0x07, 0x12, 0x17, 0x23, 0x26, 0x27, 0x33, 0x37, 0x43, 0x47, 0x54, 0x55, 0x56,
    0x04, 0x05, 0x13, 0x16, 0x24, 0x25, 0x34, 0x36, 0x44, 0x45, 0x46, 0x05, 0x0a, 0x04, 0x12, 0x13,
    0x14, 0x20, 0x00, 0x02, 0x03, 0x15, 0x23, 0x24, 0x25, 0x30, 0x31, 0x32, 0x08, 0x05, 0x16, 0x21,
    0x22, 0x23, 0x24, 0x25, 0x27, 0x41, 0x10, 0x11, 0x12, 0x13, 0x14, 0x0e, 0x0b, 0x06, 0x11, 0x14,
    0x17, 0x19, 0x21, 0x27, 0x31, 0x36, 0x37, 0x42, 0x43, 0x44, 0x45, 0x02, 0x05, 0x12, 0x16, 0x22,
    0x25, 0x26, 0x32, 0x33, 0x34, 0x35, 0x05, 0x09, 0x11, 0x20, 0x22, 0x23, 0x31, 0x24, 0x25, 0x28,
    0x30, 0x32, 0x33, 0x40, 0x41, 0x52, 0x09, 0x0b, 0x01, 0x05, 0x11, 0x12, 0x14, 0x15, 0x22, 0x24,
    0x33, 0x10, 0x16, 0x21, 0x23, 0x25, 0x26, 0x31, 0x32, 0x34, 0x42, 0x44, 0x08, 0x06, 0x05, 0x15,
    0x21, 0x24, 0x25, 0x31, 0x32, 0x33, 0x01, 0x10, 0x11, 0x13, 0x14, 0x23, 0x11, 0x0c, 0x01, 0x03,
    0x06, 0x07, 0x11, 0x17, 0x22, 0x27, 0x32, 0x34, 0x37, 0x42, 0x45, 0x46, 0x52, 0x53, 0x54, 0x02,
    0x05, 0x12, 0x13, 0x14, 0x16, 0x23, 0x24, 0x26, 0x33, 0x36, 0x43, 0x14, 0x0d, 0x02, 0x07, 0x12,
    0x18, 0x1a, 0x23, 0x24, 0x28, 0x32, 0x34, 0x38, 0x44, 0x48, 0x54, 0x58, 0x64, 0x68, 0x75, 0x76,
    0x77, 0x05, 0x13, 0x14, 0x17, 0x25, 0x26, 0x27, 0x45, 0x46, 0x47, 0x55, 0x57, 0x66, 0x05, 0x07,
    0x03, 0x12, 0x13, 0x20, 0x21, 0x04, 0x14, 0x22, 0x23, 0x24, 0x30, 0x31, 0x08, 0x0b, 0x02, 0x06,
    0x14, 0x15, 0x16, 0x22, 0x23, 0x24, 0x01, 0x07, 0x11, 0x17, 0x21, 0x26, 0x27, 0x32, 0x33, 0x34,
    0x35, 0x09, 0x06, 0x01, 0x03, 0x05, 0x15, 0x23, 0x24, 0x25, 0x31, 0x32, 0x04, 0x12, 0x13, 0x14,
    0x21, 0x22, 0x08, 0x07, 0x04, 0x14, 0x23, 0x25, 0x32, 0x33, 0x40, 0x41, 0x03, 0x10, 0x11, 0x13,
    0x20, 0x22, 0x31, 0x0a, 0x0f, 0x03, 0x08, 0x13, 0x16, 0x17, 0x18, 0x23, 0x24, 0x25, 0x26, 0x02,
    0x05, 0x06, 0x09, 0x12, 0x15, 0x19, 0x22, 0x27, 0x28, 0x29, 0x33, 0x34, 0x35, 0x36, 0x09, 0x09,
    0x16, 0x26, 0x31, 0x32, 0x33, 0x34, 0x35, 0x36, 0x51, 0x00, 0x02, 0x10, 0x12, 0x21, 0x22, 0x23,
    0x24, 0x25, 0x0c, 0x09, 0x04, 0x05, 0x15, 0x23, 0x25, 0x30, 0x34, 0x40, 0x41, 0x42, 0x43, 0x44,
    0x03, 0x10, 0x12, 0x13, 0x14, 0x20, 0x31, 0x32, 0x33, 0x07, 0x0b, 0x02, 0x12, 0x13, 0x14, 0x15,
    0x16, 0x17, 0x11, 0x18, 0x21, 0x22, 0x23, 0x24, 0x25, 0x26, 0x27, 0x28, 0x2a, 0x0d, 0x09, 0x01,
    0x05, 0x11, 0x18, 0x21, 0x22, 0x23, 0x24, 0x28, 0x35, 0x36, 0x37, 0x38, 0x02, 0x06, 0x12, 0x13,
    0x14, 0x17, 0x25, 0x26, 0x27, 0x0b, 0x08, 0x05, 0x10, 0x11, 0x15, 0x25, 0x30, 0x31, 0x32, 0x33,
    0x34, 0x35, 0x02, 0x04, 0x14, 0x20, 0x21, 0x22, 0x23, 0x24, 0x08, 0x07, 0x04, 0x15, 0x21, 0x25,
    0x31, 0x32, 0x33, 0x34, 0x02, 0x10, 0x11, 0x14, 0x22, 0x23, 0x24, 0x06, 0x0a, 0x02, 0x20, 0x21,
    0x22, 0x23, 0x24, 0x00, 0x01, 0x05, 0x15, 0x25, 0x32, 0x33, 0x34, 0x35, 0x41, 0x06, 0x0a, 0x10,
    0x11, 0x12, 0x14, 0x23, 0x24, 0x05, 0x15, 0x20, 0x21, 0x22, 0x25, 0x33, 0x34, 0x35, 0x42, 0x04,
    0x06, 0x13, 0x23, 0x31, 0x32, 0x14, 0x24, 0x33, 0x41, 0x42, 0x43, 0x08, 0x0c, 0x01, 0x03, 0x14,
    0x20, 0x21, 0x22, 0x23, 0x24, 0x04, 0x05, 0x10, 0x12, 0x13, 0x15, 0x25, 0x31, 0x32, 0x33, 0x34,
    0x35, 0x0b, 0x07, 0x03, 0x05, 0x13, 0x15, 0x25, 0x30, 0x31, 0x32, 0x33, 0x34, 0x35, 0x01, 0x04,
    0x14, 0x21, 0x22, 0x23, 0x24, 0x09, 0x06, 0x05, 0x15, 0x20, 0x24, 0x25, 0x30, 0x31, 0x32, 0x33,
    0x01, 0x10, 0x11, 0x13, 0x14, 0x21, 0x08, 0x0a, 0x00, 0x03, 0x04, 0x14, 0x21, 0x22, 0x23, 0x24,
    0x05, 0x13, 0x15, 0x20, 0x25, 0x31, 0x32, 0x33, 0x34, 0x35, 0x0c, 0x09, 0x11, 0x15, 0x16, 0x17,
    0x21, 0x22, 0x26, 0x36, 0x42, 0x43, 0x44, 0x45, 0x01, 0x05, 0x12, 0x14, 0x23, 0x25, 0x33, 0x34,
    0x35, 0x07, 0x08, 0x01, 0x04, 0x11, 0x14, 0x21, 0x22, 0x23, 0x10, 0x13, 0x15, 0x24, 0x25, 0x31,
    0x32, 0x33, 0x07, 0x0a, 0x10, 0x13, 0x22, 0x23, 0x30, 0x31, 0x32, 0x03, 0x04, 0x14, 0x21, 0x24,
    0x33, 0x40, 0x41, 0x42, 0x44, 0x05, 0x0a, 0x03, 0x13, 0x21, 0x22, 0x23, 0x02, 0x12, 0x14, 0x16,
    0x24, 0x30, 0x31, 0x32, 0x33, 0x34, 0x06, 0x09, 0x03, 0x13, 0x21, 0x22, 0x23, 0x31, 0x11, 0x14,
    0x16, 0x24, 0x32, 0x33, 0x34, 0x41, 0x52, 0x10, 0x0c, 0x03, 0x06, 0x10, 0x12, 0x16, 0x21, 0x25,
    0x31, 0x33, 0x35, 0x41, 0x45, 0x52, 0x53, 0x54, 0x55, 0x01, 0x04, 0x11, 0x14, 0x15, 0x22, 0x24,
    0x32, 0x34, 0x42, 0x43, 0x44, 0x0b, 0x09, 0x05, 0x11, 0x12, 0x15, 0x25, 0x30, 0x31, 0x32, 0x33,
    0x34, 0x35, 0x03, 0x04, 0x10, 0x14, 0x20, 0x21, 0x22, 0x23, 0x24, 0x0b, 0x08, 0x05, 0x16, 0x18,
    0x21, 0x25, 0x26, 0x31, 0x32, 0x33, 0x34, 0x35, 0x04, 0x10, 0x11, 0x13, 0x14, 0x15, 0x22, 0x24,
    0x06, 0x09, 0x00, 0x04, 0x10, 0x12, 0x13, 0x14, 0x01, 0x03, 0x15, 0x22, 0x23, 0x24, 0x25, 0x30,
    0x31, 0x0a, 0x10, 0x05, 0x15, 0x16, 0x22, 0x26, 0x32, 0x33, 0x34, 0x35, 0x36, 0x04, 0x06, 0x07,
    0x11, 0x14, 0x17, 0x21, 0x25, 0x27, 0x31, 0x37, 0x42, 0x43, 0x44, 0x45, 0x46, 0x09, 0x07, 0x04,
    0x14, 0x21, 0x24, 0x33, 0x34, 0x40, 0x41, 0x42, 0x03, 0x10, 0x13, 0x22, 0x23, 0x31, 0x32, 0x09,
    0x07, 0x05, 0x15, 0x20, 0x21, 0x22, 0x25, 0x32, 0x33, 0x34, 0x03, 0x10, 0x11, 0x12, 0x14, 0x23,
    0x24, 0x06, 0x09, 0x11, 0x13, 0x22, 0x23, 0x24, 0x33, 0x14, 0x15, 0x25, 0x30, 0x32, 0x34, 0x35,
    0x42, 0x43, 0x07, 0x0a, 0x01, 0x11, 0x13, 0x23, 0x30, 0x31, 0x32, 0x03, 0x04, 0x10, 0x14, 0x24,
    0x33, 0x34, 0x40, 0x41, 0x42, 0x0c, 0x0f, 0x02, 0x03, 0x07, 0x12, 0x13, 0x15, 0x16, 0x22, 0x24,
    0x26, 0x33, 0x34, 0x05, 0x08, 0x11, 0x17, 0x18, 0x21, 0x25, 0x27, 0x32, 0x35, 0x36, 0x37, 0x42,
    0x43, 0x44, 0x0e, 0x0a, 0x02, 0x05, 0x11, 0x1a, 0x21, 0x22, 0x23, 0x24, 0x25, 0x27, 0x29, 0x2b,
    0x37, 0x39, 0x03, 0x12, 0x13, 0x14, 0x15, 0x16, 0x17, 0x18, 0x19, 0x28, 0x10, 0x0d, 0x01, 0x03,
    0x05, 0x13, 0x15, 0x16, 0x26, 0x31, 0x32, 0x36, 0x42, 0x45, 0x46, 0x52, 0x53, 0x54, 0x04, 0x11,
    0x14, 0x21, 0x22, 0x23, 0x24, 0x25, 0x33, 0x34, 0x35, 0x43, 0x44, 0x09, 0x07, 0x05, 0x15, 0x25,
    0x30, 0x33, 0x35, 0x41, 0x42, 0x44, 0x10, 0x11, 0x13, 0x21, 0x23, 0x24, 0x31, 0x0a, 0x07, 0x02,
    0x16, 0x20, 0x26, 0x30, 0x31, 0x32, 0x33, 0x34, 0x35, 0x01, 0x10, 0x21, 0x22, 0x23, 0x24, 0x25,
    0x0b, 0x0f, 0x02, 0x06, 0x12, 0x16, 0x22, 0x25, 0x26, 0x32, 0x33, 0x34, 0x35, 0x11, 0x13, 0x15,
    0x17, 0x21, 0x23, 0x24, 0x27, 0x31, 0x37, 0x42, 0x44, 0x45, 0x46, 0x51, 0x07, 0x0b, 0x04, 0x12,
    0x13, 0x14, 0x22, 0x31, 0x32, 0x05, 0x15, 0x21, 0x23, 0x24, 0x26, 0x30, 0x33, 0x41, 0x42, 0x43,
    0x06, 0x05, 0x14, 0x24, 0x31, 0x32, 0x33, 0x34, 0x11, 0x13, 0x21, 0x22, 0x23, 0x05, 0x09, 0x03,
    0x12, 0x13, 0x21, 0x31, 0x04, 0x14, 0x20, 0x22, 0x23, 0x24, 0x40, 0x41, 0x42, 0x09, 0x0e, 0x02,
    0x05, 0x12, 0x15, 0x22, 0x25, 0x33, 0x34, 0x35, 0x06, 0x11, 0x13, 0x16, 0x21, 0x24, 0x26, 0x32,
    0x36, 0x42, 0x43, 0x44, 0x45, 0x46, 0x07, 0x0b, 0x05, 0x13, 0x14, 0x15, 0x20, 0x21, 0x22, 0x01,
    0x03, 0x06, 0x16, 0x23, 0x24, 0x25, 0x26, 0x30, 0x31, 0x32, 0x0b, 0x08, 0x03, 0x04, 0x12, 0x14,
    0x24, 0x34, 0x40, 0x41, 0x42, 0x43, 0x44, 0x01, 0x11, 0x13, 0x23, 0x30, 0x31, 0x32, 0x33, 0x0a,
    0x09, 0x06, 0x12, 0x16, 0x21, 0x25, 0x31, 0x32, 0x33, 0x34, 0x36, 0x01, 0x02, 0x11, 0x14, 0x15,
    0x20, 0x22, 0x23, 0x24, 0x05, 0x08, 0x12, 0x13, 0x14, 0x21, 0x31, 0x15, 0x22, 0x23, 0x24, 0x25,
    0x30, 0x41, 0x42, 0x09, 0x06, 0x11, 0x14, 0x15, 0x31, 0x34, 0x41, 0x42, 0x43, 0x44, 0x13, 0x20,
    0x21, 0x23, 0x32, 0x33, 0x07, 0x0a, 0x05, 0x11, 0x15, 0x22, 0x23, 0x24, 0x25, 0x10, 0x16, 0x21,
    0x26, 0x32, 0x33, 0x34, 0x35, 0x36, 0x41, 0x07, 0x06, 0x14, 0x16, 0x23, 0x24, 0x31, 0x32, 0x33,
    0x02, 0x04, 0x10, 0x13, 0x21, 0x22, 0x0c, 0x12, 0x04, 0x12, 0x13, 0x16, 0x17, 0x22, 0x24, 0x27,
    0x34, 0x35, 0x36, 0x37, 0x01, 0x02, 0x07, 0x08, 0x11, 0x18, 0x21, 0x23, 0x25, 0x26, 0x28, 0x32,
    0x33, 0x38, 0x44, 0x45, 0x46, 0x47, 0x05, 0x08, 0x11, 0x12, 0x15, 0x23, 0x24, 0x21, 0x22, 0x25,
    0x26, 0x28, 0x33, 0x34, 0x42, 0x0c, 0x08, 0x11, 0x12, 0x14, 0x16, 0x24, 0x30, 0x34, 0x41, 0x42,
    0x43, 0x44, 0x61, 0x03, 0x10, 0x13, 0x21, 0x23, 0x31, 0x32, 0x33, 0x09, 0x09, 0x14, 0x16, 0x25,
    0x30, 0x31, 0x32, 0x33, 0x34, 0x40, 0x04, 0x11, 0x13, 0x21, 0x22, 0x23, 0x41, 0x42, 0x61, 0x07,
    0x06, 0x15, 0x16, 0x21, 0x22, 0x23, 0x24, 0x41, 0x01, 0x05, 0x10, 0x11, 0x12, 0x13, 0x08, 0x0b,
    0x00, 0x04, 0x10, 0x14, 0x21, 0x22, 0x23, 0x24, 0x01, 0x05, 0x11, 0x15, 0x25, 0x31, 0x32, 0x33,
    0x34, 0x35, 0x51, 0x06, 0x0a, 0x11, 0x13, 0x21, 0x24, 0x32, 0x33, 0x12, 0x15, 0x22, 0x25, 0x30,
    0x31, 0x35, 0x42, 0x44, 0x51, 0x0a, 0x08, 0x03, 0x04, 0x10, 0x14, 0x24, 0x33, 0x40, 0x41, 0x42,
    0x43, 0x00, 0x01, 0x11, 0x13, 0x23, 0x30, 0x31, 0x32, 0x06, 0x0a, 0x13, 0x21, 0x23, 0x30, 0x31,
    0x32, 0x01, 0x10, 0x14, 0x16, 0x24, 0x34, 0x40, 0x41, 0x42, 0x43, 0x09, 0x0d, 0x03, 0x13, 0x16,
    0x23, 0x26, 0x33, 0x34, 0x35, 0x36, 0x02, 0x12, 0x15, 0x17, 0x19, 0x22, 0x27, 0x32, 0x37, 0x43,
    0x44, 0x45, 0x46, 0x07, 0x0c, 0x10, 0x15, 0x21, 0x22, 0x23, 0x24, 0x25, 0x05, 0x14, 0x16, 0x20,
    0x26, 0x30, 0x31, 0x32, 0x33, 0x34, 0x35, 0x36, 0x09, 0x08, 0x05, 0x10, 0x15, 0x24, 0x25, 0x32,
    0x33, 0x41, 0x52, 0x03, 0x04, 0x14, 0x21, 0x22, 0x23, 0x30, 0x31, 0x09, 0x06, 0x00, 0x04, 0x14,
    0x20, 0x23, 0x24, 0x30, 0x31, 0x32, 0x03, 0x10, 0x11, 0x13, 0x21, 0x22, 0x07, 0x0c, 0x03, 0x14,
    0x20, 0x21, 0x22, 0x23, 0x24, 0x00, 0x01, 0x04, 0x05, 0x15, 0x25, 0x30, 0x31, 0x32, 0x33, 0x34,
    0x35, 0x07, 0x0b, 0x03, 0x04, 0x14, 0x20, 0x21, 0x22, 0x23, 0x00, 0x05, 0x11, 0x15, 0x24, 0x26,
    0x30, 0x31, 0x32, 0x33, 0x34, 0x06, 0x06, 0x14, 0x15, 0x21, 0x22, 0x23, 0x41, 0x01, 0x04, 0x10,
    0x11, 0x12, 0x13, 0x11, 0x0c, 0x01, 0x02, 0x06, 0x11, 0x13, 0x18, 0x19, 0x21, 0x29, 0x32, 0x33,
    0x34, 0x35, 0x36, 0x37, 0x38, 0x39, 0x03, 0x04, 0x07, 0x08, 0x12, 0x17, 0x22, 0x23, 0x24, 0x25,
    0x27, 0x28, 0x07, 0x09, 0x01, 0x03, 0x05, 0x15, 0x21, 0x22, 0x24, 0x10, 0x14, 0x16, 0x25, 0x26,
    0x31, 0x32, 0x33, 0x34, 0x05, 0x07, 0x03, 0x13, 0x20, 0x21, 0x22, 0x04, 0x14, 0x23, 0x24, 0x30,
    0x31, 0x32, 0x07, 0x05, 0x15, 0x21, 0x22, 0x23, 0x24, 0x25, 0x41, 0x01, 0x10, 0x11, 0x12, 0x13,
    0x09, 0x0c, 0x13, 0x14, 0x20, 0x21, 0x22, 0x24, 0x32, 0x33, 0x34, 0x03, 0x04, 0x05, 0x15, 0x25,
    0x30, 0x31, 0x35, 0x41, 0x42, 0x43, 0x44, 0x09, 0x0d, 0x02, 0x05, 0x15, 0x22, 0x25, 0x32, 0x33,
    0x34, 0x35, 0x01, 0x06, 0x11, 0x14, 0x16, 0x21, 0x26, 0x31, 0x36, 0x42, 0x43, 0x44, 0x45, 0x13,
    0x12, 0x03, 0x06, 0x08, 0x12, 0x13, 0x16, 0x18, 0x24, 0x25, 0x26, 0x28, 0x34, 0x36, 0x38, 0x44,
    0x45, 0x48, 0x57, 0x67, 0x01, 0x02, 0x07, 0x11, 0x14, 0x15, 0x17, 0x22, 0x23, 0x27, 0x37, 0x43,
    0x46, 0x47, 0x53, 0x54, 0x55, 0x56, 0x0d, 0x10, 0x02, 0x03, 0x06, 0x12, 0x16, 0x23, 0x24, 0x26,
    0x33, 0x36, 0x43, 0x44, 0x45, 0x01, 0x07, 0x11, 0x14, 0x17, 0x22, 0x27, 0x32, 0x35, 0x37, 0x42,
    0x46, 0x53, 0x54, 0x55, 0x56, 0x0c, 0x09, 0x03, 0x11, 0x18, 0x21, 0x25, 0x26, 0x27, 0x31, 0x45,
    0x46, 0x52, 0x53, 0x02, 0x04, 0x12, 0x22, 0x23, 0x24, 0x32, 0x34, 0x43, 0x08, 0x0b, 0x04, 0x11,
    0x12, 0x14, 0x22, 0x23, 0x30, 0x31, 0x01, 0x05, 0x15, 0x21, 0x24, 0x26, 0x32, 0x33, 0x34, 0x40,
    0x41, 0x06, 0x0a, 0x04, 0x12, 0x13, 0x14, 0x21, 0x22, 0x01, 0x02, 0x03, 0x05, 0x15, 0x23, 0x24,
    0x25, 0x31, 0x32, 0x06, 0x09, 0x04, 0x11, 0x13, 0x14, 0x21, 0x22, 0x05, 0x10, 0x15, 0x23, 0x24,
    0x25, 0x30, 0x31, 0x32, 0x0a, 0x07, 0x01, 0x11, 0x15, 0x24, 0x26, 0x32, 0x34, 0x40, 0x41, 0x42,
    0x10, 0x14, 0x21, 0x22, 0x23, 0x30, 0x31, 0x0a, 0x08, 0x01, 0x05, 0x15, 0x20, 0x25, 0x31, 0x32,
    0x33, 0x34, 0x35, 0x02, 0x03, 0x04, 0x10, 0x11, 0x14, 0x23, 0x24, 0x06, 0x09, 0x01, 0x13, 0x20,
    0x21, 0x23, 0x33, 0x04, 0x10, 0x14, 0x24, 0x30, 0x31, 0x34, 0x42, 0x43, 0x08, 0x0d, 0x03, 0x14,
    0x20, 0x21, 0x22, 0x24, 0x33, 0x34, 0x01, 0x04, 0x05, 0x15, 0x25, 0x30, 0x31, 0x32, 0x35, 0x43,
    0x44, 0x45, 0x52, 0x06, 0x0a, 0x04, 0x11, 0x14, 0x22, 0x23, 0x24, 0x12, 0x13, 0x15, 0x16, 0x21,
    0x31, 0x32, 0x33, 0x34, 0x35, 0x09, 0x08, 0x02, 0x05, 0x15, 0x23, 0x24, 0x25, 0x32, 0x41, 0x42,
    0x00, 0x04, 0x12, 0x13, 0x14, 0x22, 0x30, 0x31, 0x0b, 0x08, 0x04, 0x12, 0x14, 0x24, 0x30, 0x34,
    0x40, 0x41, 0x42, 0x43, 0x44, 0x00, 0x11, 0x13, 0x20, 0x23, 0x31, 0x32, 0x33, 0x07, 0x0c, 0x03,
    0x13, 0x21, 0x22, 0x23, 0x30, 0x31, 0x01, 0x02, 0x04, 0x10, 0x14, 0x24, 0x32, 0x33, 0x34, 0x40,
    0x41, 0x42, 0x09, 0x0d, 0x07, 0x12, 0x16, 0x17, 0x22, 0x23, 0x24, 0x25, 0x26, 0x02, 0x11, 0x14,
    0x15, 0x18, 0x21, 0x27, 0x28, 0x32, 0x33, 0x34, 0x35, 0x47, 0x0b, 0x08, 0x04, 0x05, 0x12, 0x15,
    0x20, 0x25, 0x31, 0x32, 0x33, 0x34, 0x35, 0x03, 0x10, 0x11, 0x14, 0x21, 0x22, 0x23, 0x24, 0x08,
    0x06, 0x17, 0x23, 0x24, 0x25, 0x26, 0x27, 0x31, 0x32, 0x13, 0x14, 0x15, 0x16, 0x21, 0x22, 0x06,
    0x08, 0x03, 0x13, 0x21, 0x22, 0x30, 0x31, 0x10, 0x14, 0x23, 0x25, 0x32, 0x33, 0x41, 0x52, 0x05,
    0x0c, 0x12, 0x13, 0x21, 0x22, 0x31, 0x00, 0x02, 0x11, 0x15, 0x17, 0x23, 0x24, 0x25, 0x32, 0x33,
    0x41, 0x42, 0x09, 0x07, 0x04, 0x11, 0x14, 0x24, 0x30, 0x31, 0x32, 0x33, 0x34, 0x01, 0x03, 0x13,
    0x20, 0x21, 0x22, 0x23, 0x09, 0x0d, 0x10, 0x11, 0x12, 0x14, 0x22, 0x24, 0x32, 0x33, 0x34, 0x01,
    0x02, 0x04, 0x15, 0x21, 0x23, 0x25, 0x31, 0x35, 0x42, 0x44, 0x45, 0x51, 0x09, 0x0c, 0x12, 0x14,
    0x15, 0x16, 0x25, 0x32, 0x33, 0x34, 0x35, 0x02, 0x11, 0x17, 0x21, 0x26, 0x28, 0x31, 0x36, 0x42,
    0x43, 0x44, 0x45, 0x08, 0x0b, 0x03, 0x11, 0x12, 0x22, 0x24, 0x25, 0x33, 0x34, 0x06, 0x10, 0x16,
    0x21, 0x26, 0x32, 0x35, 0x36, 0x41, 0x43, 0x44, 0x06, 0x0a, 0x13, 0x21, 0x22, 0x23, 0x30, 0x31,
    0x03, 0x12, 0x14, 0x20, 0x24, 0x33, 0x34, 0x40, 0x41, 0x42, 0x07, 0x0b, 0x03, 0x07, 0x13, 0x17,
    0x24, 0x25, 0x26, 0x12, 0x15, 0x18, 0x22, 0x23, 0x27, 0x28, 0x2a, 0x34, 0x35, 0x36, 0x07, 0x0a,
    0x04, 0x13, 0x14, 0x20, 0x21, 0x22, 0x23, 0x03, 0x11, 0x12, 0x15, 0x24, 0x25, 0x30, 0x31, 0x32,
    0x33, 0x09, 0x0d, 0x11, 0x14, 0x20, 0x21, 0x22, 0x24, 0x32, 0x33, 0x34, 0x01, 0x04, 0x13, 0x15,
    0x23, 0x25, 0x30, 0x31, 0x35, 0x42, 0x43, 0x44, 0x51, 0x05, 0x0a, 0x10, 0x13, 0x21, 0x22, 0x23,
    0x04, 0x12, 0x14, 0x20, 0x24, 0x30, 0x31, 0x32, 0x33, 0x34, 0x09, 0x08, 0x03, 0x04, 0x14, 0x24,
    0x33, 0x40, 0x41, 0x42, 0x43, 0x01, 0x13, 0x20, 0x22, 0x23, 0x30, 0x31, 0x32, 0x0c, 0x07, 0x11,
    0x19, 0x21, 0x22, 0x23, 0x24, 0x25, 0x26, 0x27, 0x28, 0x29, 0x2b, 0x12, 0x13, 0x14, 0x15, 0x16,
    0x17, 0x18, 0x0b, 0x07, 0x00, 0x01, 0x14, 0x16, 0x22, 0x23, 0x24, 0x32, 0x41, 0x42, 0x61, 0x03,
    0x11, 0x12, 0x13, 0x21, 0x30, 0x31, 0x08, 0x0b, 0x04, 0x13, 0x20, 0x21, 0x24, 0x32, 0x33, 0x34,
    0x12, 0x14, 0x15, 0x25, 0x30, 0x31, 0x35, 0x42, 0x43, 0x44, 0x51, 0x0a, 0x09, 0x05, 0x16, 0x26,
    0x30, 0x31, 0x32, 0x35, 0x43, 0x44, 0x46, 0x02, 0x12, 0x14, 0x15, 0x20, 0x21, 0x22, 0x25, 0x33,
    0x08, 0x05, 0x14, 0x20, 0x24, 0x30, 0x31, 0x32, 0x33, 0x34, 0x01, 0x10, 0x21, 0x22, 0x23, 0x08,
    0x0c, 0x01, 0x03, 0x13, 0x23, 0x30, 0x31, 0x32, 0x33, 0x00, 0x04, 0x12, 0x14, 0x20, 0x21, 0x24,
    0x40, 0x41, 0x42, 0x43, 0x44, 0x10, 0x18, 0x12, 0x13, 0x14, 0x21, 0x22, 0x27, 0x32, 0x33, 0x35,
    0x36, 0x37, 0x43, 0x44, 0x55, 0x56, 0x58, 0x05, 0x06, 0x11, 0x15, 0x17, 0x19, 0x20, 0x23, 0x24,
    0x25, 0x26, 0x29, 0x31, 0x34, 0x41, 0x42, 0x49, 0x5a, 0x62, 0x63, 0x64, 0x69, 0x75, 0x77, 0x07,
    0x0a, 0x10, 0x13, 0x21, 0x22, 0x23, 0x30, 0x31, 0x02, 0x03, 0x12, 0x14, 0x24, 0x32, 0x33, 0x34,
    0x40, 0x41, 0x08, 0x0b, 0x01, 0x05, 0x11, 0x15, 0x22, 0x23, 0x24, 0x25, 0x06, 0x10, 0x13, 0x16,
    0x21, 0x26, 0x32, 0x33, 0x35, 0x36, 0x41, 0x06, 0x0a, 0x01, 0x14, 0x20, 0x21, 0x22, 0x23, 0x02,
    0x12, 0x15, 0x24, 0x26, 0x30, 0x31, 0x32, 0x33, 0x34, 0x07, 0x0c, 0x05, 0x10, 0x12, 0x14, 0x21,
    0x22, 0x23, 0x01, 0x03, 0x15, 0x17, 0x20, 0x24, 0x25, 0x31, 0x33, 0x34, 0x42, 0x51, 0x0d, 0x0b,
    0x10, 0x11, 0x12, 0x15, 0x24, 0x26, 0x30, 0x34, 0x40, 0x41, 0x42, 0x43, 0x44, 0x00, 0x02, 0x04,
    0x13, 0x14, 0x20, 0x21, 0x23, 0x31, 0x32, 0x33, 0x0e, 0x09, 0x01, 0x05, 0x08, 0x11, 0x19, 0x21,
    0x22, 0x23, 0x24, 0x29, 0x35, 0x36, 0x37, 0x38, 0x02, 0x06, 0x12, 0x13, 0x14, 0x17, 0x25, 0x26,
    0x27, 0x08, 0x0b, 0x04, 0x10, 0x14, 0x20, 0x21, 0x22, 0x23, 0x24, 0x05, 0x11, 0x12, 0x15, 0x25,
    0x30, 0x31, 0x32, 0x33, 0x34, 0x35, 0x0b, 0x06, 0x01, 0x20, 0x21, 0x22, 0x26, 0x28, 0x2a, 0x33,
    0x36, 0x42, 0x45, 0x10, 0x11, 0x12, 0x13, 0x24, 0x25, 0x08, 0x0a, 0x11, 0x14, 0x20, 0x21, 0x24,
    0x31, 0x32, 0x33, 0x13, 0x23, 0x25, 0x30, 0x34, 0x35, 0x40, 0x41, 0x42, 0x43, 0x0a, 0x06, 0x01,
    0x16, 0x20, 0x24, 0x25, 0x31, 0x33, 0x36, 0x41, 0x44, 0x02, 0x10, 0x14, 0x21, 0x22, 0x23, 0x08,
    0x0c, 0x04, 0x07, 0x13, 0x18, 0x24, 0x25, 0x26, 0x27, 0x02, 0x09, 0x12, 0x19, 0x23, 0x28, 0x29,
    0x33, 0x34, 0x35, 0x36, 0x37, 0x05, 0x08, 0x03, 0x13, 0x20, 0x21, 0x23, 0x04, 0x14, 0x24, 0x30,
    0x31, 0x32, 0x33, 0x34, 0x08, 0x07, 0x10, 0x14, 0x23, 0x25, 0x33, 0x40, 0x41, 0x42, 0x01, 0x11,
    0x12, 0x13, 0x22, 0x30, 0x31, 0x06, 0x09, 0x13, 0x14, 0x20, 0x21, 0x22, 0x23, 0x11, 0x12, 0x15,
    0x17, 0x24, 0x25, 0x31, 0x32, 0x33, 0x09, 0x07, 0x01, 0x05, 0x11, 0x15, 0x24, 0x25, 0x31, 0x32,
    0x33, 0x04, 0x10, 0x12, 0x14, 0x21, 0x22, 0x23, 0x06, 0x09, 0x04, 0x13, 0x14, 0x21, 0x23, 0x31,
    0x05, 0x15, 0x20, 0x24, 0x32, 0x33, 0x34, 0x40, 0x41, 0x0f, 0x0c, 0x03, 0x16, 0x21, 0x22, 0x25,
    0x26, 0x31, 0x41, 0x45, 0x52, 0x55, 0x62, 0x63, 0x64, 0x65, 0x02, 0x05, 0x13, 0x15, 0x23, 0x32,
    0x33, 0x34, 0x42, 0x44, 0x53, 0x54, 0x09, 0x0d, 0x03, 0x07, 0x12, 0x15, 0x17, 0x23, 0x24, 0x25,
    0x26, 0x01, 0x08, 0x11, 0x13, 0x18, 0x22, 0x27, 0x28, 0x32, 0x33, 0x34, 0x35, 0x36, 0x08, 0x0a,
    0x00, 0x04, 0x14, 0x20, 0x21, 0x22, 0x23, 0x24, 0x11, 0x12, 0x15, 0x16, 0x30, 0x31, 0x32, 0x33,
    0x34, 0x35, 0x08, 0x0d, 0x05, 0x11, 0x13, 0x15, 0x22, 0x23, 0x24, 0x25, 0x03, 0x06, 0x10, 0x12,
    0x16, 0x21, 0x26, 0x31, 0x32, 0x33, 0x34, 0x35, 0x36, 0x0d, 0x07, 0x01, 0x02, 0x10, 0x15, 0x20,
    0x22, 0x23, 0x24, 0x25, 0x32, 0x40, 0x41, 0x42, 0x11, 0x12, 0x13, 0x14, 0x21, 0x30, 0x31, 0x0c,
    0x08, 0x02, 0x08, 0x12, 0x18, 0x22, 0x23, 0x27, 0x28, 0x34, 0x36, 0x43, 0x47, 0x03, 0x07, 0x13,
    0x15, 0x17, 0x24, 0x25, 0x26, 0x0c, 0x08, 0x03, 0x12, 0x16, 0x17, 0x27, 0x31, 0x32, 0x33, 0x34,
    0x35, 0x36, 0x51, 0x01, 0x02, 0x21, 0x22, 0x23, 0x24, 0x25, 0x26, 0x07, 0x0c, 0x13, 0x14, 0x21,
    0x22, 0x24, 0x33, 0x34, 0x04, 0x05, 0x12, 0x15, 0x25, 0x31, 0x32, 0x35, 0x43, 0x44, 0x45, 0x51,
    0x0c, 0x08, 0x05, 0x14, 0x16, 0x20, 0x21, 0x26, 0x28, 0x31, 0x32, 0x33, 0x34, 0x35, 0x10, 0x11,
    0x13, 0x15, 0x22, 0x23, 0x24, 0x25, 0x06, 0x0a, 0x03, 0x11, 0x13, 0x21, 0x30, 0x31, 0x01, 0x04,
    0x14, 0x20, 0x23, 0x24, 0x40, 0x41, 0x42, 0x43, 0x07, 0x06, 0x10, 0x15, 0x24, 0x31, 0x32, 0x33,
    0x35, 0x01, 0x04, 0x13, 0x20, 0x21, 0x23, 0x0a, 0x06, 0x03, 0x05, 0x15, 0x20, 0x21, 0x22, 0x25,
    0x33, 0x34, 0x42, 0x04, 0x10, 0x11, 0x12, 0x14, 0x23, 0x0b, 0x10, 0x02, 0x03, 0x05, 0x11, 0x15,
    0x21, 0x22, 0x25, 0x32, 0x33, 0x34, 0x00, 0x06, 0x10, 0x12, 0x13, 0x14, 0x16, 0x20, 0x26, 0x31,
    0x35, 0x41, 0x42, 0x43, 0x44, 0x46, 0x0c, 0x08, 0x01, 0x05, 0x16, 0x18, 0x26, 0x31, 0x32, 0x33,
    0x34, 0x35, 0x40, 0x41, 0x02, 0x04, 0x11, 0x12, 0x13, 0x14, 0x15, 0x30, 0x0b, 0x0e, 0x01, 0x13,
    0x16, 0x21, 0x23, 0x26, 0x32, 0x33, 0x34, 0x35, 0x36, 0x02, 0x11, 0x12, 0x17, 0x18, 0x22, 0x31,
    0x37, 0x38, 0x42, 0x44, 0x45, 0x46, 0x52, 0x06, 0x0a, 0x04, 0x12, 0x14, 0x20, 0x21, 0x22, 0x01,
    0x05, 0x10, 0x15, 0x24, 0x25, 0x30, 0x31, 0x32, 0x33, 0x07, 0x0b, 0x03, 0x07, 0x13, 0x17, 0x24,
    0x25, 0x26, 0x05, 0x12, 0x18, 0x22, 0x23, 0x27, 0x28, 0x2a, 0x34, 0x35, 0x36, 0x06, 0x09, 0x02,
    0x04, 0x14, 0x21, 0x22, 0x23, 0x01, 0x05, 0x15, 0x24, 0x25, 0x30, 0x31, 0x32, 0x33, 0x04, 0x07,
    0x02, 0x13, 0x21, 0x22, 0x11, 0x23, 0x24, 0x25, 0x31, 0x32, 0x42, 0x06, 0x0a, 0x01, 0x13, 0x20,
    0x21, 0x22, 0x23, 0x03, 0x10, 0x12, 0x14, 0x15, 0x30, 0x31, 0x32, 0x33, 0x34, 0x08, 0x06, 0x05,
    0x15, 0x23, 0x24, 0x25, 0x41, 0x42, 0x43, 0x04, 0x12, 0x13, 0x14, 0x22, 0x32, 0x07, 0x0a, 0x01,
    0x13, 0x14, 0x20, 0x21, 0x22, 0x23, 0x10, 0x11, 0x15, 0x24, 0x26, 0x30, 0x31, 0x32, 0x33, 0x34,
    0x0b, 0x08, 0x03, 0x07, 0x17, 0x21, 0x25, 0x26, 0x27, 0x31, 0x32, 0x33, 0x34, 0x04, 0x10, 0x11,
    0x15, 0x16, 0x22, 0x23, 0x24, 0x0b, 0x07, 0x01, 0x05, 0x12, 0x15, 0x25, 0x30, 0x31, 0x32, 0x33,
    0x34, 0x35, 0x04, 0x14, 0x20, 0x21, 0x22, 0x23, 0x24, 0x10, 0x15, 0x01, 0x12, 0x13, 0x17, 0x21,
    0x24, 0x34, 0x36, 0x37, 0x38, 0x44, 0x45, 0x54, 0x56, 0x64, 0x65, 0x14, 0x16, 0x22, 0x23, 0x25,
    0x27, 0x28, 0x2a, 0x32, 0x35, 0x39, 0x42, 0x49, 0x53, 0x57, 0x58, 0x62, 0x73, 0x77, 0x84, 0x86,
    0x08, 0x0d, 0x06, 0x11, 0x12, 0x14, 0x16, 0x22, 0x25, 0x26, 0x07, 0x10, 0x17, 0x21, 0x24, 0x27,
    0x31, 0x32, 0x33, 0x34, 0x35, 0x36, 0x37, 0x05, 0x09, 0x13, 0x23, 0x31, 0x32, 0x33, 0x14, 0x16,
    0x24, 0x34, 0x41, 0x42, 0x43, 0x44, 0x61, 0x07, 0x09, 0x12, 0x13, 0x20, 0x23, 0x30, 0x31, 0x32,
    0x04, 0x11, 0x14, 0x22, 0x24, 0x33, 0x41, 0x42, 0x43, 0x06, 0x0b, 0x03, 0x14, 0x20, 0x21, 0x22,
    0x23, 0x02, 0x10, 0x11, 0x12, 0x15, 0x25, 0x31, 0x32, 0x33, 0x34, 0x51, 0x0d, 0x0b, 0x08, 0x13,
    0x23, 0x25, 0x28, 0x29, 0x31, 0x33, 0x34, 0x38, 0x47, 0x54, 0x56, 0x01, 0x03, 0x10, 0x11, 0x12,
    0x14, 0x16, 0x24, 0x27, 0x35, 0x36, 0x07, 0x0c, 0x13, 0x20, 0x23, 0x30, 0x31, 0x32, 0x33, 0x10,
    0x11, 0x14, 0x15, 0x21, 0x22, 0x34, 0x40, 0x41, 0x42, 0x43, 0x44, 0x07, 0x0a, 0x11, 0x13, 0x21,
    0x23, 0x30, 0x31, 0x32, 0x04, 0x10, 0x12, 0x14, 0x24, 0x33, 0x40, 0x41, 0x42, 0x43, 0x06, 0x08,
    0x01, 0x04, 0x13, 0x14, 0x21, 0x22, 0x05, 0x15, 0x20, 0x23, 0x24, 0x25, 0x31, 0x32, 0x06, 0x0b,
    0x02, 0x10, 0x11, 0x22, 0x23, 0x24, 0x01, 0x05, 0x15, 0x20, 0x21, 0x25, 0x32, 0x33, 0x34, 0x35,
    0x41, 0x0d, 0x0a, 0x05, 0x11, 0x14, 0x18, 0x21, 0x27, 0x28, 0x2a, 0x32, 0x33, 0x34, 0x35, 0x36,
    0x02, 0x03, 0x04, 0x12, 0x16, 0x17, 0x23, 0x24, 0x25, 0x26, 0x0a, 0x06, 0x15, 0x22, 0x24, 0x26,
    0x31, 0x32, 0x33, 0x34, 0x42, 0x51, 0x01, 0x12, 0x13, 0x14, 0x21, 0x23, 0x09, 0x0f, 0x11, 0x14,
    0x20, 0x21, 0x24, 0x31, 0x32, 0x33, 0x34, 0x04, 0x10, 0x13, 0x15, 0x22, 0x23, 0x25, 0x30, 0x35,
    0x40, 0x41, 0x42, 0x43, 0x44, 0x45, 0x0a, 0x08, 0x10, 0x15, 0x21, 0x22, 0x24, 0x25, 0x41, 0x42,
    0x44, 0x53, 0x04, 0x11, 0x14, 0x23, 0x30, 0x31, 0x32, 0x33, 0x08, 0x07, 0x03, 0x15, 0x20, 0x25,
    0x31, 0x32, 0x35, 0x43, 0x04, 0x10, 0x11, 0x14, 0x21, 0x23, 0x24, 0x08, 0x0c, 0x01, 0x11, 0x20,
    0x21, 0x22, 0x23, 0x24, 0x25, 0x02, 0x05, 0x13, 0x16, 0x26, 0x30, 0x31, 0x32, 0x33, 0x34, 0x35,
    0x36, 0x0c, 0x0a, 0x01, 0x12, 0x16, 0x21, 0x25, 0x26, 0x31, 0x33, 0x34, 0x42, 0x51, 0x53, 0x05,
    0x10, 0x11, 0x13, 0x15, 0x22, 0x23, 0x24, 0x32, 0x41, 0x07, 0x0a, 0x01, 0x04, 0x14, 0x20, 0x21,
    0x22, 0x23, 0x03, 0x05, 0x11, 0x15, 0x24, 0x30, 0x31, 0x32, 0x33, 0x34, 0x09, 0x08, 0x13, 0x14,
    0x24, 0x34, 0x40, 0x41, 0x42, 0x43, 0x44, 0x03, 0x12, 0x20, 0x23, 0x30, 0x31, 0x32, 0x33, 0x05,
    0x09, 0x10, 0x13, 0x14, 0x21, 0x22, 0x05, 0x15, 0x20, 0x23, 0x25, 0x30, 0x31, 0x32, 0x33, 0x0d,
    0x08, 0x01, 0x05, 0x12, 0x13, 0x15, 0x20, 0x25, 0x30, 0x31, 0x32, 0x33, 0x34, 0x35, 0x04, 0x10,
    0x11, 0x14, 0x21, 0x22, 0x23, 0x24, 0x0a, 0x07, 0x01, 0x05, 0x15, 0x22, 0x25, 0x30, 0x31, 0x32,
    0x33, 0x34, 0x04, 0x11, 0x12, 0x14, 0x20, 0x21, 0x23, 0x14, 0x0e, 0x03, 0x11, 0x13, 0x15, 0x17,
    0x19, 0x22, 0x27, 0x31, 0x37, 0x41, 0x44, 0x46, 0x51, 0x55, 0x56, 0x62, 0x63, 0x64, 0x65, 0x14,
    0x16, 0x23, 0x25, 0x26, 0x32, 0x33, 0x35, 0x36, 0x42, 0x45, 0x52, 0x53, 0x54, 0x06, 0x0a, 0x10,
    0x11, 0x14, 0x15, 0x22, 0x23, 0x03, 0x16, 0x21, 0x24, 0x25, 0x26, 0x31, 0x32, 0x33, 0x34, 0x0c,
    0x09, 0x06, 0x12, 0x13, 0x16, 0x20, 0x24, 0x25, 0x26, 0x30, 0x31, 0x32, 0x33, 0x01, 0x02, 0x10,
    0x11, 0x14, 0x15, 0x21, 0x22, 0x23, 0x07, 0x0c, 0x04, 0x10, 0x14, 0x21, 0x22, 0x23, 0x24, 0x01,
    0x03, 0x15, 0x17, 0x20, 0x25, 0x30, 0x31, 0x32, 0x33, 0x34, 0x35, 0x08, 0x05, 0x14, 0x20, 0x24,
    0x30, 0x31, 0x32, 0x33, 0x34, 0x01, 0x10, 0x21, 0x22, 0x23, 0x0b, 0x10, 0x05, 0x12, 0x17, 0x22,
    0x23, 0x24, 0x25, 0x26, 0x36, 0x44, 0x45, 0x02, 0x04, 0x11, 0x13, 0x16, 0x18, 0x21, 0x27, 0x28,
    0x32, 0x33, 0x42, 0x47, 0x53, 0x54, 0x56, 0x08, 0x0c, 0x03, 0x07, 0x13, 0x17, 0x23, 0x24, 0x25,
    0x26, 0x02, 0x08, 0x12, 0x14, 0x18, 0x22, 0x27, 0x28, 0x33, 0x34, 0x35, 0x36, 0x07, 0x0c, 0x12,
    0x13, 0x14, 0x15, 0x16, 0x17, 0x18, 0x11, 0x19, 0x21, 0x22, 0x23, 0x24, 0x25, 0x26, 0x27, 0x28,
    0x29, 0x2b, 0x05, 0x08, 0x03, 0x12, 0x14, 0x22, 0x23, 0x11, 0x15, 0x24, 0x26, 0x31, 0x32, 0x33,
    0x34, 0x0e, 0x08, 0x03, 0x11, 0x19, 0x21, 0x25, 0x28, 0x2a, 0x32, 0x34, 0x37, 0x43, 0x44, 0x45,
    0x46, 0x02, 0x12, 0x14, 0x23, 0x24, 0x26, 0x35, 0x36, 0x0e, 0x08, 0x02, 0x11, 0x19, 0x21, 0x24,
    0x28, 0x2a, 0x32, 0x34, 0x37, 0x43, 0x44, 0x45, 0x46, 0x03, 0x12, 0x14, 0x15, 0x17, 0x23, 0x26,
    0x35, 0x05, 0x08, 0x01, 0x03, 0x13, 0x22, 0x23, 0x04, 0x14, 0x24, 0x30, 0x31, 0x32, 0x33, 0x34,
    0x06, 0x0a, 0x10, 0x11, 0x14, 0x21, 0x22, 0x23, 0x03, 0x12, 0x15, 0x17, 0x20, 0x25, 0x31, 0x32,
    0x33, 0x34, 0x04, 0x07, 0x10, 0x11, 0x12, 0x13, 0x00, 0x02, 0x14, 0x21, 0x22, 0x23, 0x24, 0x08,
    0x0d, 0x00, 0x04, 0x11, 0x13, 0x14, 0x21, 0x22, 0x31, 0x01, 0x02, 0x05, 0x15, 0x17, 0x23, 0x25,
    0x30, 0x32, 0x33, 0x40, 0x41, 0x42, 0x07, 0x0a, 0x05, 0x11, 0x13, 0x15, 0x22, 0x23, 0x24, 0x01,
    0x03, 0x16, 0x21, 0x25, 0x26, 0x31, 0x32, 0x33, 0x34, 0x08, 0x0a, 0x01, 0x05, 0x11, 0x12, 0x15,
    0x22, 0x23, 0x24, 0x06, 0x10, 0x16, 0x21, 0x25, 0x32, 0x33, 0x34, 0x35, 0x41, 0x09, 0x07, 0x13,
    0x15, 0x21, 0x23, 0x33, 0x40, 0x41, 0x42, 0x43, 0x03, 0x10, 0x12, 0x22, 0x30, 0x31, 0x32, 0x0a,
    0x07, 0x00, 0x01, 0x02, 0x16, 0x24, 0x25, 0x32, 0x33, 0x41, 0x52, 0x04, 0x10, 0x14, 0x22, 0x23,
    0x30, 0x31, 0x0d, 0x0a, 0x04, 0x10, 0x15, 0x17, 0x20, 0x26, 0x31, 0x34, 0x35, 0x37, 0x42, 0x43,
    0x51, 0x01, 0x03, 0x12, 0x14, 0x21, 0x22, 0x23, 0x24, 0x25, 0x32, 0x06, 0x0a, 0x04, 0x13, 0x14,
    0x20, 0x21, 0x22, 0x00, 0x05, 0x11, 0x15, 0x24, 0x25, 0x30, 0x31, 0x32, 0x33, 0x09, 0x07, 0x06,
    0x16, 0x21, 0x24, 0x25, 0x26, 0x31, 0x32, 0x33, 0x02, 0x10, 0x11, 0x14, 0x15, 0x22, 0x23, 0x07,
    0x0c, 0x01, 0x13, 0x23, 0x30, 0x31, 0x32, 0x33, 0x00, 0x03, 0x04, 0x14, 0x21, 0x24, 0x34, 0x40,
    0x41, 0x42, 0x43, 0x44, 0x0a, 0x06, 0x05, 0x15, 0x20, 0x25, 0x30, 0x31, 0x32, 0x33, 0x35, 0x53,
    0x04, 0x10, 0x21, 0x22, 0x23, 0x24, 0x09, 0x06, 0x03, 0x04, 0x14, 0x24, 0x32, 0x34, 0x40, 0x41,
    0x42, 0x02, 0x13, 0x21, 0x22, 0x30, 0x31, 0x0b, 0x08, 0x02, 0x05, 0x15, 0x20, 0x21, 0x25, 0x32,
    0x33, 0x34, 0x35, 0x41, 0x01, 0x04, 0x10, 0x11, 0x13, 0x22, 0x23, 0x24, 0x06, 0x09, 0x04, 0x11,
    0x14, 0x22, 0x23, 0x24, 0x05, 0x15, 0x21, 0x25, 0x31, 0x32, 0x33, 0x34, 0x35, 0x09, 0x0d, 0x11,
    0x12, 0x14, 0x15, 0x22, 0x25, 0x33, 0x34, 0x35, 0x01, 0x05, 0x10, 0x16, 0x17, 0x21, 0x32, 0x36,
    0x41, 0x43, 0x44, 0x45, 0x46, 0x0c, 0x09, 0x01, 0x04, 0x07, 0x11, 0x17, 0x21, 0x22, 0x27, 0x33,
    0x34, 0x35, 0x36, 0x02, 0x05, 0x12, 0x13, 0x14, 0x16, 0x23, 0x24, 0x25, 0x09, 0x07, 0x03, 0x04,
    0x14, 0x24, 0x34, 0x41, 0x42, 0x43, 0x44, 0x11, 0x13, 0x23, 0x30, 0x31, 0x32, 0x33, 0x09, 0x08,
    0x04, 0x14, 0x22, 0x24, 0x33, 0x40, 0x41, 0x42, 0x43, 0x01, 0x03, 0x10, 0x13, 0x23, 0x30, 0x31,
    0x32, 0x08, 0x0a, 0x04, 0x11, 0x12, 0x14, 0x20, 0x21, 0x22, 0x23, 0x00, 0x01, 0x02, 0x05, 0x15,
    0x24, 0x31, 0x32, 0x33, 0x35, 0x08, 0x06, 0x04, 0x12, 0x14, 0x24, 0x31, 0x33, 0x34, 0x41, 0x10,
    0x11, 0x13, 0x21, 0x22, 0x23, 0x0a, 0x08, 0x14, 0x15, 0x26, 0x30, 0x32, 0x34, 0x35, 0x41, 0x42,
    0x43, 0x11, 0x13, 0x21, 0x22, 0x23, 0x24, 0x31, 0x33, 0x07, 0x0a, 0x04, 0x10, 0x14, 0x20, 0x21,
    0x22, 0x24, 0x01, 0x05, 0x15, 0x25, 0x30, 0x31, 0x32, 0x33, 0x34, 0x35, 0x07, 0x0b, 0x14, 0x21,
    0x23, 0x24, 0x30, 0x32, 0x33, 0x12, 0x15, 0x22, 0x26, 0x31, 0x34, 0x35, 0x41, 0x42, 0x51, 0x54,
    0x09, 0x07, 0x05, 0x15, 0x20, 0x24, 0x25, 0x30, 0x31, 0x32, 0x33, 0x04, 0x10, 0x13, 0x14, 0x21,
    0x22, 0x23, 0x0b, 0x07, 0x01, 0x15, 0x17, 0x20, 0x25, 0x30, 0x31, 0x32, 0x33, 0x34, 0x35, 0x10,
    0x12, 0x14, 0x21, 0x22, 0x23, 0x24, 0x0a, 0x08, 0x17, 0x21, 0x23, 0x25, 0x26, 0x28, 0x31, 0x33,
    0x41, 0x42, 0x11, 0x12, 0x13, 0x14, 0x15, 0x16, 0x22, 0x32, 0x07, 0x0a, 0x01, 0x13, 0x14, 0x20,
    0x21, 0x22, 0x23, 0x10, 0x11, 0x15, 0x17, 0x24, 0x25, 0x30, 0x31, 0x32, 0x33, 0x0a, 0x09, 0x02,
    0x07, 0x13, 0x17, 0x21, 0x22, 0x23, 0x24, 0x26, 0x37, 0x03, 0x04, 0x06, 0x10, 0x11, 0x12, 0x14,
    0x15, 0x16, 0x07, 0x0b, 0x03, 0x05, 0x10, 0x11, 0x13, 0x14, 0x15, 0x06, 0x12, 0x16, 0x20, 0x21,
    0x23, 0x24, 0x25, 0x26, 0x31, 0x32, 0x07, 0x09, 0x01, 0x03, 0x11, 0x12, 0x13, 0x15, 0x23, 0x10,
    0x16, 0x21, 0x25, 0x26, 0x31, 0x33, 0x42, 0x45, 0x06, 0x08, 0x01, 0x10, 0x11, 0x14, 0x22, 0x23,
    0x05, 0x15, 0x21, 0x24, 0x25, 0x31, 0x32, 0x33, 0x08, 0x06, 0x05, 0x15, 0x21, 0x22, 0x25, 0x32,
    0x33, 0x34, 0x01, 0x10, 0x11, 0x12, 0x14, 0x23, 0x05, 0x07, 0x12, 0x13, 0x22, 0x30, 0x31, 0x14,
    0x23, 0x25, 0x32, 0x33, 0x40, 0x41, 0x0c, 0x0b, 0x01, 0x02, 0x13, 0x17, 0x18, 0x23, 0x24, 0x31,
    0x32, 0x35, 0x36, 0x37, 0x03, 0x04, 0x05, 0x06, 0x11, 0x12, 0x14, 0x16, 0x21, 0x25, 0x26, 0x06,
    0x05, 0x13, 0x24, 0x25, 0x31, 0x32, 0x33, 0x10, 0x12, 0x21, 0x22, 0x23, 0x0b, 0x08, 0x07, 0x11,
    0x17, 0x21, 0x22, 0x27, 0x33, 0x34, 0x35, 0x36, 0x37, 0x02, 0x12, 0x13, 0x16, 0x23, 0x24, 0x25,
    0x26, 0x0c, 0x09, 0x01, 0x11, 0x16, 0x21, 0x24, 0x26, 0x31, 0x36, 0x42, 0x43, 0x44, 0x45, 0x02,
    0x12, 0x15, 0x22, 0x25, 0x32, 0x33, 0x34, 0x35, 0x0a, 0x08, 0x10, 0x14, 0x24, 0x27, 0x31, 0x34,
    0x44, 0x51, 0x52, 0x53, 0x01, 0x11, 0x12, 0x13, 0x20, 0x21, 0x33, 0x43, 0x0c, 0x09, 0x04, 0x06,
    0x11, 0x16, 0x21, 0x26, 0x32, 0x35, 0x36, 0x42, 0x43, 0x44, 0x02, 0x05, 0x12, 0x14, 0x15, 0x22,
    0x25, 0x33, 0x34, 0x0b, 0x09, 0x02, 0x12, 0x15, 0x25, 0x31, 0x34, 0x40, 0x41, 0x42, 0x43, 0x44,
    0x01, 0x04, 0x11, 0x14, 0x21, 0x23, 0x30, 0x32, 0x33, 0x0a, 0x08, 0x06, 0x10, 0x16, 0x22, 0x25,
    0x26, 0x31, 0x32, 0x33, 0x34, 0x01, 0x11, 0x12, 0x15, 0x20, 0x21, 0x23, 0x24, 0x0a, 0x09, 0x12,
    0x15, 0x22, 0x25, 0x31, 0x34, 0x35, 0x41, 0x42, 0x43, 0x01, 0x03, 0x13, 0x21, 0x23, 0x24, 0x30,
    0x32, 0x33, 0x07, 0x0b, 0x03, 0x13, 0x22, 0x23, 0x30, 0x31, 0x32, 0x00, 0x01, 0x04, 0x12, 0x14,
    0x21, 0x24, 0x33, 0x41, 0x42, 0x43, 0x09, 0x0e, 0x01, 0x04, 0x11, 0x14, 0x21, 0x24, 0x32, 0x33,
    0x34, 0x03, 0x05, 0x10, 0x12, 0x15, 0x20, 0x25, 0x31, 0x35, 0x41, 0x42, 0x43, 0x44, 0x45, 0x07,
    0x06, 0x10, 0x15, 0x23, 0x24, 0x25, 0x31, 0x32, 0x02, 0x13, 0x14, 0x20, 0x21, 0x22, 0x0c, 0x09,
    0x03, 0x07, 0x12, 0x17, 0x21, 0x25, 0x26, 0x27, 0x31, 0x32, 0x33, 0x34, 0x01, 0x10, 0x11, 0x14,
    0x15, 0x16, 0x22, 0x23, 0x24, 0x03, 0x06, 0x10, 0x13, 0x21, 0x11, 0x14, 0x24, 0x31, 0x32, 0x33,
    0x06, 0x09, 0x10, 0x11, 0x15, 0x22, 0x23, 0x25, 0x16, 0x17, 0x21, 0x31, 0x32, 0x33, 0x34, 0x35,
    0x36, 0x08, 0x0c, 0x04, 0x11, 0x21, 0x23, 0x24, 0x30, 0x32, 0x33, 0x02, 0x12, 0x15, 0x16, 0x22,
    0x31, 0x35, 0x41, 0x42, 0x45, 0x54, 0x62, 0x07, 0x0a, 0x04, 0x13, 0x14, 0x20, 0x21, 0x23, 0x32,
    0x01, 0x05, 0x15, 0x22, 0x24, 0x31, 0x33, 0x35, 0x41, 0x43, 0x0b, 0x09, 0x01, 0x04, 0x13, 0x14,
    0x20, 0x24, 0x34, 0x40, 0x41, 0x42, 0x43, 0x02, 0x03, 0x11, 0x12, 0x23, 0x30, 0x31, 0x32, 0x33,
    0x08, 0x05, 0x04, 0x14, 0x23, 0x24, 0x30, 0x31, 0x32, 0x43, 0x03, 0x13, 0x20, 0x21, 0x22, 0x07,
    0x0b, 0x11, 0x12, 0x13, 0x23, 0x30, 0x31, 0x32, 0x01, 0x10, 0x14, 0x21, 0x24, 0x33, 0x34, 0x40,
    0x41, 0x42, 0x43, 0x08, 0x06, 0x03, 0x14, 0x16, 0x24, 0x31, 0x33, 0x34, 0x41, 0x01, 0x04, 0x13,
    0x20, 0x21, 0x23, 0x07, 0x0b, 0x02, 0x14, 0x20, 0x21, 0x22, 0x23, 0x24, 0x03, 0x05, 0x10, 0x15,
    0x25, 0x30, 0x31, 0x32, 0x33, 0x34, 0x35, 0x06, 0x09, 0x02, 0x13, 0x14, 0x21, 0x22, 0x31, 0x04,
    0x15, 0x23, 0x24, 0x25, 0x30, 0x32, 0x41, 0x42, 0x0b, 0x07, 0x00, 0x01, 0x02, 0x10, 0x14, 0x22,
    0x23, 0x24, 0x32, 0x41, 0x42, 0x03, 0x11, 0x12, 0x13, 0x21, 0x30, 0x31, 0x07, 0x0a, 0x00, 0x04,
    0x14, 0x20, 0x21, 0x22, 0x23, 0x10, 0x13, 0x15, 0x24, 0x26, 0x30, 0x31, 0x32, 0x33, 0x34, 0x06,
    0x09, 0x02, 0x03, 0x14, 0x21, 0x22, 0x23, 0x01, 0x05, 0x15, 0x24, 0x25, 0x31, 0x32, 0x33, 0x51,
    0x08, 0x06, 0x04, 0x14, 0x23, 0x24, 0x32, 0x40, 0x41, 0x42, 0x03, 0x11, 0x13, 0x22, 0x30, 0x31,
    0x06, 0x0a, 0x03, 0x13, 0x21, 0x22, 0x30, 0x31, 0x01, 0x02, 0x15, 0x23, 0x24, 0x26, 0x32, 0x40,
    0x41, 0x42, 0x07, 0x0b, 0x04, 0x10, 0x11, 0x12, 0x14, 0x23, 0x24, 0x02, 0x05, 0x15, 0x20, 0x21,
    0x22, 0x25, 0x33, 0x34, 0x35, 0x42, 0x09, 0x06, 0x12, 0x19, 0x22, 0x23, 0x24, 0x29, 0x35, 0x36,
    0x37, 0x13, 0x14, 0x17, 0x18, 0x25, 0x26, 0x09, 0x07, 0x01, 0x02, 0x15, 0x25, 0x31, 0x32, 0x33,
    0x34, 0x35, 0x04, 0x10, 0x11, 0x14, 0x22, 0x23, 0x24, 0x0a, 0x08, 0x04, 0x10, 0x11, 0x14, 0x23,
    0x25, 0x32, 0x33, 0x40, 0x41, 0x01, 0x03, 0x12, 0x13, 0x20, 0x22, 0x31, 0x42, 0x06, 0x0a, 0x04,
    0x10, 0x14, 0x21, 0x22, 0x24, 0x05, 0x15, 0x20, 0x25, 0x30, 0x31, 0x32, 0x33, 0x34, 0x36, 0x07,
    0x0b, 0x01, 0x06, 0x12, 0x15, 0x16, 0x23, 0x24, 0x05, 0x11, 0x17, 0x19, 0x21, 0x22, 0x25, 0x27,
    0x33, 0x34, 0x35, 0x07, 0x0d, 0x04, 0x14, 0x22, 0x23, 0x24, 0x31, 0x32, 0x01, 0x03, 0x05, 0x13,
    0x15, 0x25, 0x30, 0x33, 0x34, 0x40, 0x41, 0x42, 0x45, 0x0a, 0x11, 0x02, 0x04, 0x12, 0x22, 0x24,
    0x32, 0x34, 0x42, 0x43, 0x44, 0x01, 0x06, 0x11, 0x13, 0x16, 0x21, 0x23, 0x26, 0x31, 0x33, 0x35,
    0x41, 0x45, 0x52, 0x53, 0x54, 0x55, 0x0a, 0x09, 0x04, 0x16, 0x26, 0x30, 0x31, 0x32, 0x35, 0x43,
    0x44, 0x46, 0x02, 0x12, 0x15, 0x20, 0x21, 0x22, 0x24, 0x25, 0x33, 0x07, 0x05, 0x12, 0x15, 0x23,
    0x24, 0x25, 0x31, 0x32, 0x11, 0x13, 0x14, 0x21, 0x22, 0x08, 0x0b, 0x01, 0x04, 0x14, 0x20, 0x21,
    0x22, 0x23, 0x24, 0x05, 0x11, 0x12, 0x15, 0x25, 0x30, 0x31, 0x32, 0x33, 0x34, 0x35, 0x07, 0x0b,
    0x04, 0x10, 0x14, 0x21, 0x22, 0x23, 0x24, 0x01, 0x03, 0x15, 0x20, 0x25, 0x30, 0x31, 0x32, 0x33,
    0x34, 0x35, 0x07, 0x0b, 0x03, 0x14, 0x20, 0x21, 0x22, 0x23, 0x24, 0x02, 0x05, 0x12, 0x15, 0x25,
    0x30, 0x31, 0x32, 0x33, 0x34, 0x35, 0x09, 0x0d, 0x02, 0x05, 0x13, 0x14, 0x15, 0x20, 0x21, 0x22,
    0x23, 0x03, 0x06, 0x10, 0x11, 0x12, 0x16, 0x25, 0x26, 0x30, 0x31, 0x32, 0x33, 0x34, 0x06, 0x0a,
    0x03, 0x11, 0x12, 0x13, 0x30, 0x31, 0x01, 0x02, 0x10, 0x14, 0x23, 0x25, 0x33, 0x40, 0x41, 0x42,
    0x06, 0x08, 0x04, 0x11, 0x14, 0x22, 0x23, 0x24, 0x05, 0x15, 0x21, 0x25, 0x31, 0x32, 0x33, 0x34,
    0x05, 0x09, 0x03, 0x11, 0x12, 0x13, 0x31, 0x01, 0x02, 0x14, 0x23, 0x25, 0x33, 0x40, 0x41, 0x42,
    0x05, 0x08, 0x03, 0x12, 0x13, 0x20, 0x21, 0x04, 0x14, 0x22, 0x23, 0x24, 0x30, 0x31, 0x42, 0x08,
    0x0d, 0x04, 0x11, 0x12, 0x14, 0x21, 0x24, 0x32, 0x33, 0x01, 0x02, 0x05, 0x10, 0x15, 0x20, 0x25,
    0x31, 0x35, 0x41, 0x42, 0x43, 0x44, 0x07, 0x0a, 0x11, 0x13, 0x14, 0x15, 0x20, 0x22, 0x32, 0x16,
    0x21, 0x23, 0x25, 0x26, 0x31, 0x33, 0x41, 0x42, 0x43, 0x05, 0x09, 0x13, 0x20, 0x21, 0x22, 0x23,
    0x00, 0x04, 0x14, 0x24, 0x30, 0x31, 0x32, 0x33, 0x34, 0x08, 0x0d, 0x05, 0x11, 0x12, 0x15, 0x23,
    0x25, 0x33, 0x34, 0x01, 0x06, 0x10, 0x16, 0x21, 0x22, 0x26, 0x35, 0x36, 0x42, 0x43, 0x44, 0x51,
    0x0a, 0x07, 0x10, 0x13, 0x21, 0x25, 0x26, 0x28, 0x31, 0x32, 0x33, 0x34, 0x01, 0x11, 0x14, 0x15,
    0x22, 0x23, 0x24, 0x08, 0x0b, 0x03, 0x05, 0x07, 0x13, 0x17, 0x23, 0x27, 0x45, 0x12, 0x18, 0x22,
    0x25, 0x28, 0x32, 0x33, 0x34, 0x36, 0x37, 0x38, 0x06, 0x0a, 0x04, 0x11, 0x14, 0x22, 0x23, 0x24,
    0x03, 0x12, 0x15, 0x21, 0x25, 0x31, 0x34, 0x35, 0x42, 0x43, 0x04, 0x08, 0x11, 0x12, 0x13, 0x14,
    0x21, 0x22, 0x23, 0x24, 0x25, 0x26, 0x27, 0x41, 0x07, 0x0c, 0x04, 0x10, 0x14, 0x21, 0x22, 0x23,
    0x24, 0x01, 0x05, 0x13, 0x15, 0x20, 0x25, 0x30, 0x31, 0x32, 0x33, 0x34, 0x35, 0x08, 0x0d, 0x06,
    0x12, 0x14, 0x16, 0x22, 0x25, 0x33, 0x34, 0x02, 0x07, 0x11, 0x17, 0x21, 0x26, 0x27, 0x32, 0x35,
    0x42, 0x43, 0x44, 0x46, 0x08, 0x0d, 0x01, 0x05, 0x11, 0x12, 0x22, 0x23, 0x24, 0x25, 0x02, 0x03,
    0x07, 0x10, 0x13, 0x21, 0x26, 0x27, 0x31, 0x32, 0x33, 0x34, 0x35, 0x06, 0x08, 0x03, 0x12, 0x22,
    0x30, 0x31, 0x32, 0x11, 0x13, 0x14, 0x33, 0x40, 0x41, 0x42, 0x43, 0x06, 0x09, 0x04, 0x11, 0x12,
    0x13, 0x14, 0x20, 0x02, 0x05, 0x15, 0x22, 0x23, 0x24, 0x30, 0x31, 0x35, 0x06, 0x09, 0x10, 0x11,
    0x13, 0x23, 0x31, 0x32, 0x03, 0x14, 0x16, 0x24, 0x30, 0x33, 0x34, 0x41, 0x42, 0x09, 0x06, 0x16,
    0x18, 0x21, 0x25, 0x26, 0x31, 0x32, 0x33, 0x34, 0x04, 0x11, 0x15, 0x22, 0x23, 0x24, 0x09, 0x06,
    0x05, 0x16, 0x21, 0x22, 0x23, 0x24, 0x25, 0x26, 0x41, 0x10, 0x11, 0x12, 0x13, 0x14, 0x15, 0x0b,
    0x07, 0x03, 0x13, 0x15, 0x21, 0x22, 0x24, 0x34, 0x41, 0x43, 0x44, 0x51, 0x10, 0x12, 0x20, 0x23,
    0x31, 0x32, 0x33, 0x07, 0x0b, 0x02, 0x12, 0x13, 0x20, 0x21, 0x31, 0x32, 0x03, 0x04, 0x10, 0x14,
    0x24, 0x30, 0x33, 0x40, 0x41, 0x42, 0x43, 0x06, 0x0a, 0x03, 0x13, 0x21, 0x22, 0x23, 0x31, 0x00,
    0x02, 0x04, 0x14, 0x24, 0x32, 0x33, 0x34, 0x40, 0x41, 0x09, 0x06, 0x16, 0x21, 0x26, 0x31, 0x32,
    0x33, 0x34, 0x35, 0x36, 0x10, 0x11, 0x22, 0x23, 0x24, 0x25, 0x08, 0x05, 0x14, 0x15, 0x25, 0x33,
    0x35, 0x41, 0x42, 0x43, 0x12, 0x23, 0x24, 0x31, 0x32, 0x07, 0x0b, 0x11, 0x12, 0x13, 0x15, 0x23,
    0x25, 0x35, 0x10, 0x16, 0x18, 0x21, 0x22, 0x26, 0x33, 0x36, 0x42, 0x44, 0x45, 0x07, 0x0b, 0x04,
    0x10, 0x14, 0x15, 0x21, 0x22, 0x23, 0x01, 0x02, 0x03, 0x11, 0x16, 0x24, 0x25, 0x26, 0x31, 0x32,
    0x33, 0x04, 0x06, 0x10, 0x12, 0x31, 0x32, 0x13, 0x14, 0x33, 0x41, 0x42, 0x43, 0x08, 0x0b, 0x04,
    0x13, 0x14, 0x21, 0x23, 0x31, 0x32, 0x33, 0x05, 0x10, 0x15, 0x20, 0x24, 0x30, 0x34, 0x41, 0x42,
    0x43, 0x44, 0x07, 0x05, 0x14, 0x22, 0x23, 0x24, 0x32, 0x41, 0x42, 0x01, 0x12, 0x13, 0x21, 0x31,
    0x08, 0x07, 0x04, 0x14, 0x23, 0x24, 0x32, 0x40, 0x41, 0x42, 0x03, 0x11, 0x13, 0x20, 0x22, 0x30,
    0x31, 0x04, 0x06, 0x12, 0x13, 0x21, 0x31, 0x14, 0x22, 0x23, 0x24, 0x41, 0x42, 0x06, 0x0a, 0x10,
    0x13, 0x20, 0x21, 0x22, 0x23, 0x04, 0x11, 0x12, 0x14, 0x24, 0x30, 0x31, 0x32, 0x33, 0x34, 0x0f,
    0x0b, 0x02, 0x07, 0x12, 0x14, 0x17, 0x22, 0x25, 0x27, 0x33, 0x37, 0x43, 0x44, 0x47, 0x55, 0x56,
    0x03, 0x06, 0x13, 0x16, 0x23, 0x24, 0x26, 0x34, 0x36, 0x45, 0x46, 0x0a, 0x07, 0x13, 0x16, 0x20,
    0x24, 0x26, 0x30, 0x31, 0x32, 0x33, 0x34, 0x01, 0x10, 0x14, 0x15, 0x21, 0x22, 0x23, 0x08, 0x0b,
    0x01, 0x04, 0x14, 0x20, 0x21, 0x22, 0x23, 0x24, 0x05, 0x11, 0x12, 0x15, 0x25, 0x30, 0x31, 0x32,
    0x33, 0x34, 0x35, 0x08, 0x08, 0x01, 0x03, 0x04, 0x10, 0x11, 0x13, 0x14, 0x22, 0x05, 0x12, 0x15,
    0x23, 0x24, 0x25, 0x31, 0x32, 0x06, 0x0c, 0x10, 0x14, 0x21, 0x22, 0x23, 0x24, 0x01, 0x11, 0x13,
    0x15, 0x16, 0x20, 0x31, 0x32, 0x33, 0x34, 0x35, 0x51, 0x06, 0x0b, 0x04, 0x12, 0x14, 0x21, 0x22,
    0x23, 0x03, 0x05, 0x11, 0x13, 0x15, 0x25, 0x30, 0x31, 0x32, 0x33, 0x34, 0x05, 0x08, 0x13, 0x14,
    0x21, 0x22, 0x23, 0x05, 0x15, 0x24, 0x25, 0x30, 0x31, 0x32, 0x33, 0x0a, 0x08, 0x04, 0x14, 0x20,
    0x21, 0x24, 0x30, 0x34, 0x41, 0x42, 0x43, 0x03, 0x10, 0x11, 0x13, 0x23, 0x31, 0x32, 0x33, 0x0a,
    0x08, 0x12, 0x18, 0x22, 0x27, 0x28, 0x32, 0x33, 0x34, 0x35, 0x36, 0x03, 0x13, 0x16, 0x17, 0x23,
    0x24, 0x25, 0x26, 0x0b, 0x09, 0x05, 0x11, 0x15, 0x23, 0x24, 0x25, 0x30, 0x33, 0x40, 0x41, 0x42,
    0x01, 0x04, 0x12, 0x13, 0x14, 0x20, 0x22, 0x31, 0x32, 0x06, 0x05, 0x14, 0x24, 0x31, 0x32, 0x33,
    0x34, 0x10, 0x13, 0x21, 0x22, 0x23, 0x0c, 0x0a, 0x06, 0x12, 0x17, 0x19, 0x22, 0x27, 0x32, 0x37,
    0x43, 0x44, 0x45, 0x46, 0x05, 0x13, 0x15, 0x16, 0x23, 0x26, 0x33, 0x34, 0x35, 0x36, 0x0d, 0x09,
    0x11, 0x12, 0x18, 0x1a, 0x22, 0x28, 0x32, 0x33, 0x34, 0x35, 0x36, 0x37, 0x38, 0x02, 0x08, 0x13,
    0x17, 0x23, 0x24, 0x25, 0x26, 0x27, 0x08, 0x07, 0x15, 0x21, 0x25, 0x31, 0x32, 0x33, 0x34, 0x35,
    0x00, 0x03, 0x11, 0x14, 0x22, 0x23, 0x24, 0x09, 0x0e, 0x14, 0x17, 0x23, 0x25, 0x26, 0x27, 0x33,
    0x34, 0x35, 0x06, 0x08, 0x12, 0x13, 0x18, 0x22, 0x28, 0x32, 0x36, 0x37, 0x38, 0x43, 0x44, 0x45,
    0x06, 0x09, 0x10, 0x12, 0x13, 0x22, 0x30, 0x31, 0x03, 0x11, 0x14, 0x23, 0x25, 0x32, 0x33, 0x40,
    0x41, 0x05, 0x09, 0x10, 0x11, 0x13, 0x14, 0x23, 0x15, 0x20, 0x21, 0x24, 0x26, 0x31, 0x32, 0x33,
    0x34, 0x06, 0x0a, 0x11, 0x12, 0x13, 0x15, 0x16, 0x17, 0x10, 0x18, 0x21, 0x23, 0x25, 0x27, 0x28,
    0x31, 0x33, 0x35, 0x0c, 0x09, 0x02, 0x07, 0x12, 0x17, 0x21, 0x26, 0x27, 0x31, 0x32, 0x33, 0x34,
    0x35, 0x03, 0x06, 0x11, 0x14, 0x16, 0x22, 0x23, 0x24, 0x25, 0x0a, 0x0e, 0x01, 0x12, 0x15, 0x16,
    0x22, 0x23, 0x24, 0x26, 0x34, 0x35, 0x03, 0x06, 0x07, 0x11, 0x17, 0x21, 0x27, 0x31, 0x32, 0x33,
    0x36, 0x44, 0x45, 0x46, 0x0a, 0x07, 0x02, 0x03, 0x14, 0x15, 0x23, 0x32, 0x34, 0x40, 0x41, 0x42,
    0x01, 0x04, 0x13, 0x21, 0x22, 0x30, 0x31, 0x09, 0x07, 0x05, 0x11, 0x15, 0x23, 0x24, 0x25, 0x30,
    0x31, 0x32, 0x04, 0x12, 0x13, 0x14, 0x20, 0x21, 0x22, 0x08, 0x0a, 0x03, 0x10, 0x11, 0x13, 0x23,
    0x31, 0x32, 0x33, 0x04, 0x14, 0x20, 0x21, 0x24, 0x30, 0x34, 0x41, 0x42, 0x43, 0x0a, 0x07, 0x10,
    0x13, 0x21, 0x25, 0x26, 0x28, 0x31, 0x32, 0x33, 0x34, 0x01, 0x11, 0x12, 0x15, 0x22, 0x23, 0x24,
    0x03, 0x05, 0x01, 0x10, 0x12, 0x13, 0x22, 0x24, 0x31, 0x32, 0x08, 0x0b, 0x03, 0x05, 0x07, 0x13,
    0x17, 0x23, 0x27, 0x45, 0x12, 0x18, 0x22, 0x26, 0x28, 0x32, 0x33, 0x34, 0x36, 0x37, 0x38, 0x07,
    0x0a, 0x02, 0x13, 0x14, 0x21, 0x22, 0x30, 0x31, 0x04, 0x05, 0x15, 0x23, 0x24, 0x25, 0x32, 0x40,
    0x41, 0x43, 0x0a, 0x0f, 0x11, 0x12, 0x15, 0x23, 0x25, 0x33, 0x35, 0x43, 0x44, 0x45, 0x01, 0x06,
    0x10, 0x16, 0x21, 0x22, 0x26, 0x32, 0x36, 0x42, 0x46, 0x51, 0x53, 0x54, 0x55, 0x0a, 0x08, 0x08,
    0x12, 0x18, 0x22, 0x23, 0x28, 0x34, 0x35, 0x36, 0x37, 0x03, 0x07, 0x13, 0x17, 0x24, 0x25, 0x26,
    0x27, 0x06, 0x08, 0x02, 0x13, 0x14, 0x20, 0x21, 0x22, 0x04, 0x05, 0x15, 0x23, 0x24, 0x25, 0x31,
    0x32, 0x06, 0x09, 0x01, 0x11, 0x15, 0x22, 0x23, 0x24, 0x10, 0x16, 0x21, 0x25, 0x26, 0x31, 0x32,
    0x33, 0x34, 0x0b, 0x09, 0x01, 0x03, 0x16, 0x21, 0x25, 0x26, 0x31, 0x32, 0x33, 0x34, 0x45, 0x02,
    0x05, 0x11, 0x12, 0x15, 0x20, 0x22, 0x23, 0x24, 0x08, 0x07, 0x14, 0x16, 0x24, 0x31, 0x32, 0x33,
    0x34, 0x51, 0x01, 0x04, 0x13, 0x21, 0x22, 0x23, 0x30, 0x08, 0x07, 0x05, 0x15, 0x21, 0x24, 0x31,
    0x32, 0x33, 0x34, 0x01, 0x10, 0x11, 0x13, 0x14, 0x22, 0x23, 0x08, 0x06, 0x06, 0x16, 0x23, 0x24,
    0x25, 0x26, 0x31, 0x32, 0x05, 0x13, 0x14, 0x15, 0x21, 0x22, 0x07, 0x05, 0x23, 0x24, 0x26, 0x30,
    0x31, 0x32, 0x35, 0x00, 0x13, 0x20, 0x21, 0x22, 0x0a, 0x08, 0x12, 0x18, 0x22, 0x27, 0x28, 0x32,
    0x33, 0x34, 0x35, 0x36, 0x07, 0x13, 0x16, 0x17, 0x23, 0x24, 0x25, 0x26, 0x0e, 0x0a, 0x02, 0x05,
    0x07, 0x12, 0x15, 0x17, 0x22, 0x27, 0x32, 0x37, 0x43, 0x44, 0x45, 0x46, 0x03, 0x06, 0x13, 0x14,
    0x16, 0x23, 0x26, 0x34, 0x35, 0x36, 0x0a, 0x0e, 0x01, 0x06, 0x12, 0x15, 0x16, 0x22, 0x25, 0x33,
    0x34, 0x35, 0x02, 0x03, 0x07, 0x11, 0x17, 0x21, 0x26, 0x32, 0x36, 0x42, 0x43, 0x44, 0x45, 0x46,
    0x0a, 0x07, 0x05, 0x15, 0x20, 0x24, 0x26, 0x32, 0x33, 0x34, 0x40, 0x41, 0x04, 0x14, 0x21, 0x22,
    0x23, 0x30, 0x31, 0x0a, 0x07, 0x05, 0x15, 0x21, 0x25, 0x33, 0x34, 0x35, 0x40, 0x41, 0x42, 0x04,
    0x11, 0x12, 0x14, 0x23, 0x24, 0x31, 0x0a, 0x07, 0x02, 0x15, 0x17, 0x24, 0x25, 0x31, 0x33, 0x41,
    0x43, 0x52, 0x04, 0x11, 0x13, 0x14, 0x21, 0x23, 0x32, 0x06, 0x0a, 0x01, 0x11, 0x14, 0x15, 0x22,
    0x23, 0x10, 0x16, 0x21, 0x24, 0x26, 0x31, 0x32, 0x34, 0x46, 0x52, 0x06, 0x05, 0x14, 0x15, 0x21,
    0x22, 0x23, 0x41, 0x03, 0x10, 0x11, 0x12, 0x13, 0x06, 0x08, 0x00, 0x02, 0x04, 0x14, 0x21, 0x22,
    0x15, 0x20, 0x25, 0x30, 0x31, 0x32, 0x33, 0x34, 0x09, 0x0c, 0x00, 0x05, 0x11, 0x15, 0x20, 0x22,
    0x23, 0x24, 0x25, 0x03, 0x06, 0x13, 0x16, 0x21, 0x26, 0x31, 0x32, 0x34, 0x35, 0x36, 0x52, 0x09,
    0x0d, 0x02, 0x12, 0x15, 0x16, 0x17, 0x22, 0x23, 0x24, 0x25, 0x07, 0x11, 0x14, 0x18, 0x1a, 0x21,
    0x27, 0x28, 0x32, 0x33, 0x34, 0x35, 0x36, 0x0f, 0x0b, 0x04, 0x10, 0x16, 0x21, 0x23, 0x26, 0x31,
    0x32, 0x35, 0x36, 0x42, 0x44, 0x53, 0x54, 0x62, 0x01, 0x03, 0x05, 0x11, 0x12, 0x22, 0x24, 0x25,
    0x33, 0x34, 0x43, 0x06, 0x0a, 0x10, 0x11, 0x14, 0x15, 0x22, 0x23, 0x01, 0x16, 0x21, 0x24, 0x25,
    0x26, 0x31, 0x32, 0x33, 0x34, 0x04, 0x08, 0x02, 0x13, 0x21, 0x22, 0x11, 0x14, 0x23, 0x24, 0x26,
    0x32, 0x42, 0x62, 0x0b, 0x07, 0x14, 0x16, 0x27, 0x31, 0x32, 0x43, 0x44, 0x45, 0x46, 0x51, 0x52,
    0x15, 0x21, 0x22, 0x25, 0x33, 0x34, 0x35, 0x0c, 0x0a, 0x06, 0x12, 0x17, 0x19, 0x22, 0x27, 0x32,
    0x37, 0x43, 0x44, 0x45, 0x46, 0x13, 0x15, 0x16, 0x23, 0x24, 0x26, 0x33, 0x34, 0x35, 0x36, 0x0b,
    0x09, 0x10, 0x12, 0x13, 0x21, 0x24, 0x25, 0x26, 0x27, 0x33, 0x42, 0x43, 0x01, 0x11, 0x14, 0x15,
    0x16, 0x22, 0x23, 0x31, 0x32, 0x0c, 0x09, 0x08, 0x11, 0x19, 0x1a, 0x21, 0x22, 0x23, 0x24, 0x25,
    0x26, 0x27, 0x28, 0x02, 0x09, 0x12, 0x13, 0x14, 0x15, 0x16, 0x17, 0x18, 0x0b, 0x09, 0x01, 0x05,
    0x15, 0x20, 0x21, 0x25, 0x31, 0x32, 0x33, 0x34, 0x35, 0x02, 0x03, 0x04, 0x10, 0x11, 0x14, 0x22,
    0x23, 0x24, 0x08, 0x0b, 0x03, 0x13, 0x14, 0x16, 0x23, 0x34, 0x35, 0x36, 0x05, 0x12, 0x17, 0x22,
    0x27, 0x32, 0x37, 0x43, 0x44, 0x46, 0x47, 0x04, 0x08, 0x23, 0x24, 0x31, 0x32, 0x25, 0x27, 0x33,
    0x35, 0x41, 0x42, 0x43, 0x61, 0x0b, 0x09, 0x06, 0x10, 0x16, 0x21, 0x26, 0x31, 0x35, 0x36, 0x42,
    0x43, 0x44, 0x03, 0x11, 0x12, 0x15, 0x22, 0x25, 0x32, 0x33, 0x34, 0x0a, 0x09, 0x13, 0x15, 0x17,
    0x25, 0x31, 0x35, 0x41, 0x42, 0x43, 0x44, 0x01, 0x05, 0x11, 0x14, 0x21, 0x24, 0x32, 0x33, 0x34,
    0x0f, 0x0c, 0x01, 0x08, 0x11, 0x13, 0x14, 0x15, 0x18, 0x21, 0x28, 0x32, 0x33, 0x34, 0x35, 0x36,
    0x37, 0x02, 0x03, 0x06, 0x07, 0x12, 0x17, 0x22, 0x23, 0x24, 0x25, 0x26, 0x27, 0x08, 0x0b, 0x03,
    0x07, 0x13, 0x17, 0x23, 0x24, 0x25, 0x26, 0x02, 0x05, 0x12, 0x18, 0x22, 0x27, 0x28, 0x33, 0x34,
    0x35, 0x36, 0x08, 0x05, 0x05, 0x15, 0x22, 0x25, 0x31, 0x32, 0x33, 0x35, 0x11, 0x12, 0x14, 0x21,
    0x23, 0x07, 0x04, 0x11, 0x15, 0x24, 0x31, 0x32, 0x33, 0x34, 0x10, 0x21, 0x22, 0x23, 0x09, 0x0e,
    0x04, 0x05, 0x10, 0x15, 0x21, 0x22, 0x23, 0x24, 0x25, 0x03, 0x06, 0x11, 0x14, 0x16, 0x20, 0x26,
    0x30, 0x31, 0x32, 0x33, 0x34, 0x35, 0x36, 0x07, 0x0a, 0x03, 0x12, 0x13, 0x20, 0x30, 0x31, 0x32,
    0x02, 0x04, 0x11, 0x14, 0x24, 0x34, 0x40, 0x41, 0x42, 0x43, 0x0b, 0x07, 0x00, 0x01, 0x05, 0x15,
    0x20, 0x21, 0x22, 0x25, 0x32, 0x33, 0x34, 0x04, 0x10, 0x11, 0x12, 0x14, 0x23, 0x24, 0x09, 0x0c,
    0x00, 0x03, 0x10, 0x13, 0x23, 0x30, 0x31, 0x32, 0x33, 0x01, 0x02, 0x04, 0x11, 0x12, 0x14, 0x24,
    0x34, 0x40, 0x41, 0x42, 0x43, 0x06, 0x0c, 0x12, 0x14, 0x21, 0x22, 0x23, 0x24, 0x01, 0x04, 0x05,
    0x13, 0x15, 0x25, 0x30, 0x31, 0x32, 0x33, 0x34, 0x35, 0x0a, 0x10, 0x01, 0x11, 0x15, 0x16, 0x21,
    0x23, 0x24, 0x31, 0x32, 0x33, 0x02, 0x06, 0x10, 0x12, 0x17, 0x20, 0x22, 0x25, 0x26, 0x27, 0x30,
    0x35, 0x41, 0x42, 0x43, 0x44, 0x08, 0x0c, 0x05, 0x10, 0x13, 0x15, 0x21, 0x22, 0x23, 0x24, 0x01,
    0x06, 0x14, 0x16, 0x20, 0x25, 0x26, 0x30, 0x31, 0x32, 0x33, 0x34, 0x07, 0x0a, 0x04, 0x10, 0x14,
    0x21, 0x22, 0x23, 0x24, 0x11, 0x15, 0x20, 0x25, 0x30, 0x31, 0x32, 0x33, 0x34, 0x35, 0x07, 0x0b,
    0x03, 0x13, 0x21, 0x22, 0x23, 0x30, 0x31, 0x01, 0x02, 0x04, 0x10, 0x14, 0x24, 0x32, 0x33, 0x34,
    0x40, 0x41, 0x05, 0x08, 0x01, 0x04, 0x12, 0x13, 0x14, 0x03, 0x15, 0x22, 0x23, 0x24, 0x25, 0x30,
    0x31, 0x05, 0x08, 0x11, 0x13, 0x22, 0x23, 0x24, 0x14, 0x15, 0x25, 0x31, 0x32, 0x33, 0x34, 0x52,
    0x06, 0x0c, 0x14, 0x20, 0x21, 0x22, 0x23, 0x24, 0x00, 0x01, 0x05, 0x13, 0x15, 0x25, 0x30, 0x31,
    0x32, 0x33, 0x34, 0x35, 0x08, 0x0c, 0x05, 0x10, 0x13, 0x15, 0x21, 0x22, 0x23, 0x24, 0x01, 0x04,
    0x06, 0x16, 0x20, 0x25, 0x26, 0x30, 0x31, 0x32, 0x33, 0x34, 0x07, 0x0b, 0x06, 0x11, 0x14, 0x15,
    0x16, 0x22, 0x23, 0x07, 0x10, 0x17, 0x21, 0x24, 0x25, 0x26, 0x27, 0x31, 0x32, 0x33, 0x0d, 0x09,
    0x02, 0x11, 0x15, 0x17, 0x18, 0x21, 0x32, 0x35, 0x36, 0x37, 0x42, 0x43, 0x44, 0x12, 0x14, 0x16,
    0x22, 0x24, 0x25, 0x26, 0x33, 0x34, 0x06, 0x08, 0x04, 0x10, 0x13, 0x21, 0x23, 0x31, 0x14, 0x16,
    0x24, 0x30, 0x32, 0x34, 0x41, 0x42, 0x06, 0x0a, 0x10, 0x11, 0x14, 0x21, 0x22, 0x23, 0x01, 0x12,
    0x15, 0x17, 0x20, 0x25, 0x31, 0x32, 0x33, 0x34, 0x0a, 0x08, 0x04, 0x14, 0x24, 0x30, 0x31, 0x34,
    0x41, 0x42, 0x43, 0x44, 0x02, 0x03, 0x13, 0x20, 0x21, 0x23, 0x32, 0x33, 0x0e, 0x14, 0x04, 0x05,
    0x06, 0x12, 0x13, 0x14, 0x26, 0x27, 0x33, 0x34, 0x36, 0x43, 0x45, 0x46, 0x01, 0x02, 0x03, 0x08,
    0x11, 0x18, 0x21, 0x23, 0x25, 0x28, 0x32, 0x35, 0x37, 0x42, 0x47, 0x53, 0x54, 0x55, 0x56, 0x57,
    0x08, 0x0b, 0x02, 0x04, 0x12, 0x14, 0x15, 0x21, 0x22, 0x23, 0x11, 0x16, 0x20, 0x24, 0x25, 0x26,
    0x28, 0x31, 0x32, 0x33, 0x52, 0x0a, 0x08, 0x02, 0x06, 0x16, 0x21, 0x25, 0x26, 0x31, 0x32, 0x33,
    0x34, 0x01, 0x03, 0x05, 0x11, 0x15, 0x22, 0x23, 0x24, 0x07, 0x0a, 0x03, 0x10, 0x13, 0x23, 0x30,
    0x31, 0x32, 0x01, 0x02, 0x14, 0x22, 0x24, 0x33, 0x40, 0x41, 0x42, 0x43, 0x08, 0x0a, 0x03, 0x04,
    0x10, 0x13, 0x14, 0x21, 0x22, 0x31, 0x05, 0x12, 0x15, 0x23, 0x24, 0x25, 0x32, 0x40, 0x41, 0x42,
    0x0c, 0x0a, 0x07, 0x12, 0x18, 0x22, 0x27, 0x29, 0x32, 0x37, 0x43, 0x44, 0x45, 0x46, 0x06, 0x13,
    0x16, 0x17, 0x23, 0x26, 0x33, 0x34, 0x35, 0x36, 0x07, 0x0b, 0x11, 0x14, 0x20, 0x21, 0x22, 0x23,
    0x24, 0x04, 0x10, 0x13, 0x15, 0x25, 0x30, 0x31, 0x32, 0x33, 0x34, 0x35, 0x06, 0x0a, 0x04, 0x11,
    0x13, 0x21, 0x22, 0x23, 0x01, 0x02, 0x12, 0x14, 0x16, 0x24, 0x31, 0x32, 0x33, 0x34, 0x0a, 0x10,
    0x07, 0x10, 0x12, 0x13, 0x14, 0x15, 0x17, 0x25, 0x26, 0x27, 0x02, 0x03, 0x05, 0x06, 0x11, 0x16,
    0x18, 0x20, 0x22, 0x24, 0x28, 0x32, 0x34, 0x38, 0x46, 0x52, 0x08, 0x05, 0x13, 0x15, 0x23, 0x33,
    0x40, 0x41, 0x42, 0x43, 0x12, 0x22, 0x30, 0x31, 0x32, 0x08, 0x0c, 0x04, 0x11, 0x12, 0x13, 0x14,
    0x21, 0x22, 0x31, 0x01, 0x02, 0x10, 0x15, 0x17, 0x23, 0x25, 0x32, 0x33, 0x40, 0x41, 0x42, 0x08,
    0x0d, 0x11, 0x13, 0x15, 0x22, 0x23, 0x24, 0x25, 0x26, 0x02, 0x05, 0x14, 0x16, 0x17, 0x21, 0x27,
    0x31, 0x32, 0x33, 0x34, 0x35, 0x36, 0x08, 0x0b, 0x03, 0x10, 0x11, 0x13, 0x23, 0x31, 0x32, 0x33,
    0x01, 0x14, 0x20, 0x21, 0x24, 0x30, 0x34, 0x41, 0x42, 0x43, 0x44, 0x05, 0x08, 0x03, 0x11, 0x13,
    0x21, 0x23, 0x04, 0x14, 0x24, 0x30, 0x31, 0x32, 0x33, 0x34, 0x09, 0x0c, 0x00, 0x04, 0x10, 0x12,
    0x14, 0x21, 0x22, 0x23, 0x24, 0x02, 0x05, 0x11, 0x15, 0x20, 0x25, 0x30, 0x31, 0x32, 0x33, 0x35,
    0x53, 0x0a, 0x0e, 0x06, 0x12, 0x14, 0x16, 0x22, 0x24, 0x25, 0x26, 0x32, 0x33, 0x04, 0x07, 0x11,
    0x13, 0x17, 0x21, 0x27, 0x31, 0x34, 0x35, 0x36, 0x37, 0x42, 0x43, 0x0c, 0x09, 0x01, 0x04, 0x12,
    0x14, 0x24, 0x30, 0x34, 0x40, 0x41, 0x42, 0x43, 0x44, 0x02, 0x03, 0x13, 0x20, 0x21, 0x23, 0x31,
    0x32, 0x33, 0x07, 0x09, 0x00, 0x04, 0x10, 0x11, 0x12, 0x14, 0x24, 0x01, 0x05, 0x15, 0x22, 0x25,
    0x31, 0x33, 0x34, 0x35, 0x0a, 0x0d, 0x02, 0x06, 0x12, 0x15, 0x16, 0x21, 0x24, 0x25, 0x33, 0x34,
    0x07, 0x11, 0x17, 0x20, 0x22, 0x26, 0x27, 0x35, 0x41, 0x42, 0x43, 0x44, 0x45, 0x07, 0x0a, 0x03,
    0x13, 0x20, 0x21, 0x23, 0x31, 0x32, 0x04, 0x12, 0x14, 0x24, 0x30, 0x33, 0x40, 0x41, 0x42, 0x43,
    0x0b, 0x10, 0x02, 0x06, 0x12, 0x15, 0x16, 0x22, 0x23, 0x25, 0x33, 0x34, 0x35, 0x01, 0x04, 0x07,
    0x11, 0x14, 0x17, 0x21, 0x24, 0x27, 0x31, 0x36, 0x42, 0x43, 0x44, 0x45, 0x46, 0x09, 0x07, 0x00,
    0x05, 0x15, 0x24, 0x25, 0x30, 0x31, 0x32, 0x33, 0x03, 0x11, 0x14, 0x20, 0x21, 0x22, 0x23, 0x09,
    0x08, 0x02, 0x05, 0x15, 0x23, 0x24, 0x25, 0x30, 0x31, 0x32, 0x00, 0x04, 0x12, 0x13, 0x14, 0x20,
    0x21, 0x22, 0x0a, 0x08, 0x12, 0x18, 0x22, 0x27, 0x28, 0x32, 0x33, 0x34, 0x35, 0x36, 0x05, 0x13,
    0x16, 0x17, 0x23, 0x24, 0x25, 0x26, 0x08, 0x0c, 0x01, 0x05, 0x11, 0x16, 0x22, 0x23, 0x24, 0x25,
    0x07, 0x10, 0x12, 0x17, 0x21, 0x26, 0x27, 0x31, 0x32, 0x33, 0x34, 0x35, 0x0b, 0x08, 0x02, 0x13,
    0x14, 0x20, 0x24, 0x34, 0x40, 0x41, 0x42, 0x43, 0x44, 0x01, 0x11, 0x12, 0x23, 0x30, 0x31, 0x32,
    0x33, 0x07, 0x0a, 0x11, 0x21, 0x24, 0x30, 0x32, 0x33, 0x34, 0x15, 0x22, 0x25, 0x31, 0x35, 0x41,
    0x42, 0x43, 0x44, 0x51, 0x05, 0x09, 0x02, 0x13, 0x21, 0x22, 0x30, 0x00, 0x04, 0x14, 0x23, 0x24,
    0x32, 0x40, 0x41, 0x43, 0x0c, 0x08, 0x03, 0x12, 0x19, 0x22, 0x25, 0x29, 0x33, 0x34, 0x35, 0x36,
    0x37, 0x38, 0x06, 0x13, 0x15, 0x17, 0x18, 0x24, 0x26, 0x27, 0x08, 0x06, 0x05, 0x15, 0x21, 0x24,
    0x25, 0x31, 0x32, 0x33, 0x03, 0x10, 0x11, 0x14, 0x22, 0x23, 0x0a, 0x08, 0x01, 0x13, 0x14, 0x15,
    0x24, 0x34, 0x40, 0x41, 0x42, 0x43, 0x03, 0x12, 0x21, 0x23, 0x30, 0x31, 0x32, 0x33, 0x08, 0x07,
    0x04, 0x15, 0x16, 0x21, 0x22, 0x23, 0x24, 0x41, 0x01, 0x05, 0x10, 0x11, 0x12, 0x13, 0x14, 0x04,
    0x09, 0x10, 0x21, 0x22, 0x23, 0x05, 0x11, 0x15, 0x24, 0x26, 0x31, 0x32, 0x33, 0x34, 0x09, 0x0d,
    0x02, 0x05, 0x12, 0x15, 0x22, 0x25, 0x32, 0x33, 0x34, 0x04, 0x11, 0x14, 0x16, 0x21, 0x26, 0x31,
    0x36, 0x42, 0x43, 0x44, 0x45, 0x46, 0x09, 0x08, 0x06, 0x16, 0x21, 0x26, 0x31, 0x32, 0x33, 0x35,
    0x36, 0x01, 0x04, 0x05, 0x11, 0x15, 0x22, 0x23, 0x25, 0x0a, 0x0d, 0x03, 0x04, 0x11, 0x14, 0x20,
    0x22, 0x24, 0x32, 0x33, 0x34, 0x05, 0x12, 0x15, 0x21, 0x25, 0x30, 0x31, 0x35, 0x41, 0x42, 0x43,
    0x44, 0x45, 0x06, 0x0a, 0x10, 0x11, 0x14, 0x22, 0x23, 0x24, 0x01, 0x05, 0x15, 0x21, 0x25, 0x31,
    0x32, 0x33, 0x34, 0x35, 0x08, 0x0d, 0x11, 0x12, 0x15, 0x22, 0x25, 0x33, 0x34, 0x35, 0x10, 0x16,
    0x21, 0x23, 0x24, 0x26, 0x32, 0x36, 0x41, 0x43, 0x44, 0x45, 0x46, 0x07, 0x08, 0x00, 0x02, 0x04,
    0x12, 0x13, 0x14, 0x21, 0x11, 0x15, 0x23, 0x24, 0x26, 0x30, 0x31, 0x32, 0x06, 0x08, 0x11, 0x13,
    0x21, 0x22, 0x23, 0x30, 0x14, 0x20, 0x24, 0x31, 0x32, 0x33, 0x34, 0x41, 0x07, 0x0b, 0x05, 0x11,
    0x15, 0x22, 0x23, 0x24, 0x25, 0x03, 0x06, 0x16, 0x21, 0x26, 0x31, 0x32, 0x33, 0x34, 0x35, 0x36,
    0x07, 0x0c, 0x01, 0x11, 0x20, 0x21, 0x22, 0x23, 0x24, 0x02, 0x04, 0x06, 0x12, 0x16, 0x25, 0x30,
    0x31, 0x32, 0x33, 0x34, 0x35, 0x05, 0x09, 0x01, 0x03, 0x13, 0x21, 0x22, 0x02, 0x04, 0x14, 0x20,
    0x24, 0x30, 0x31, 0x32, 0x33, 0x0d, 0x0a, 0x10, 0x13, 0x16, 0x21, 0x25, 0x27, 0x31, 0x35, 0x42,
    0x45, 0x51, 0x53, 0x54, 0x01, 0x11, 0x14, 0x15, 0x22, 0x24, 0x32, 0x34, 0x43, 0x44, 0x06, 0x09,
    0x02, 0x04, 0x14, 0x21, 0x22, 0x23, 0x01, 0x10, 0x15, 0x24, 0x26, 0x31, 0x32, 0x33, 0x34, 0x07,
    0x05, 0x14, 0x22, 0x23, 0x24, 0x30, 0x31, 0x42, 0x01, 0x12, 0x13, 0x20, 0x21, 0x05, 0x08, 0x11,
    0x14, 0x15, 0x22, 0x23, 0x16, 0x21, 0x24, 0x25, 0x26, 0x31, 0x32, 0x33, 0x09, 0x07, 0x05, 0x15,
    0x20, 0x24, 0x25, 0x30, 0x31, 0x32, 0x33, 0x02, 0x03, 0x10, 0x14, 0x21, 0x22, 0x23, 0x06, 0x0a,
    0x02, 0x14, 0x21, 0x22, 0x23, 0x24, 0x04, 0x05, 0x15, 0x25, 0x30, 0x31, 0x32, 0x34, 0x35, 0x52,
    0x09, 0x07, 0x05, 0x15, 0x20, 0x24, 0x25, 0x30, 0x31, 0x32, 0x33, 0x04, 0x10, 0x13, 0x14, 0x21,
    0x22, 0x23, 0x08, 0x0c, 0x05, 0x12, 0x13, 0x14, 0x15, 0x20, 0x21, 0x22, 0x01, 0x02, 0x03, 0x06,
    0x16, 0x23, 0x24, 0x25, 0x26, 0x30, 0x31, 0x32, 0x0b, 0x10, 0x01, 0x05, 0x11, 0x14, 0x15, 0x21,
    0x25, 0x31, 0x32, 0x42, 0x43, 0x06, 0x10, 0x16, 0x20, 0x22, 0x24, 0x26, 0x30, 0x33, 0x35, 0x36,
    0x41, 0x44, 0x51, 0x52, 0x53, 0x06, 0x0a, 0x10, 0x11, 0x14, 0x22, 0x23, 0x24, 0x05, 0x12, 0x15,
    0x21, 0x25, 0x31, 0x33, 0x34, 0x35, 0x51, 0x06, 0x09, 0x04, 0x11, 0x12, 0x13, 0x14, 0x20, 0x02,
    0x05, 0x15, 0x22, 0x23, 0x24, 0x25, 0x30, 0x31, 0x08, 0x0b, 0x04, 0x11, 0x12, 0x14, 0x24, 0x32,
    0x33, 0x34, 0x02, 0x05, 0x15, 0x21, 0x25, 0x31, 0x35, 0x42, 0x43, 0x44, 0x45, 0x08, 0x07, 0x01,
    0x14, 0x22, 0x23, 0x24, 0x32, 0x41, 0x42, 0x03, 0x11, 0x12, 0x13, 0x21, 0x30, 0x31, 0x07, 0x0a,
    0x02, 0x03, 0x14, 0x20, 0x21, 0x22, 0x23, 0x00, 0x01, 0x05, 0x15, 0x24, 0x25, 0x30, 0x31, 0x32,
    0x33, 0x06, 0x05, 0x14, 0x24, 0x31, 0x32, 0x33, 0x34, 0x01, 0x13, 0x21, 0x22, 0x23, 0x0b, 0x09,
    0x12, 0x16, 0x21, 0x25, 0x26, 0x31, 0x33, 0x34, 0x42, 0x51, 0x53, 0x05, 0x11, 0x13, 0x15, 0x22,
    0x23, 0x24, 0x32, 0x41, 0x08, 0x07, 0x14, 0x16, 0x24, 0x31, 0x32, 0x33, 0x34, 0x51, 0x04, 0x11,
    0x13, 0x21, 0x22, 0x23, 0x30, 0x0b, 0x09, 0x01, 0x02, 0x03, 0x16, 0x21, 0x25, 0x26, 0x31, 0x32,
    0x33, 0x34, 0x04, 0x10, 0x11, 0x12, 0x13, 0x15, 0x22, 0x23, 0x24, 0x0b, 0x07, 0x11, 0x12, 0x15,
    0x17, 0x25, 0x31, 0x32, 0x35, 0x43, 0x44, 0x52, 0x01, 0x10, 0x14, 0x21, 0x22, 0x24, 0x33, 0x06,
    0x0a, 0x10, 0x11, 0x12, 0x23, 0x24, 0x25, 0x01, 0x16, 0x21, 0x22, 0x26, 0x33, 0x34, 0x35, 0x36,
    0x42, 0x0c, 0x09, 0x05, 0x09, 0x12, 0x19, 0x22, 0x23, 0x24, 0x25, 0x26, 0x29, 0x37, 0x38, 0x03,
    0x06, 0x08, 0x13, 0x14, 0x15, 0x16, 0x18, 0x27, 0x06, 0x08, 0x10, 0x12, 0x13, 0x20, 0x22, 0x31,
    0x14, 0x23, 0x24, 0x30, 0x32, 0x40, 0x41, 0x42, 0x0a, 0x0e, 0x01, 0x04, 0x11, 0x15, 0x20, 0x21,
    0x23, 0x31, 0x32, 0x33, 0x05, 0x06, 0x12, 0x13, 0x16, 0x22, 0x25, 0x30, 0x34, 0x35, 0x40, 0x41,
    0x42, 0x43, 0x08, 0x0c, 0x04, 0x10, 0x11, 0x14, 0x22, 0x32, 0x33, 0x34, 0x05, 0x12, 0x15, 0x20,
    0x21, 0x25, 0x31, 0x35, 0x42, 0x43, 0x44, 0x51, 0x06, 0x0a, 0x03, 0x13, 0x21, 0x22, 0x30, 0x31,
    0x01, 0x04, 0x12, 0x14, 0x24, 0x32, 0x33, 0x40, 0x41, 0x44, 0x06, 0x08, 0x01, 0x13, 0x14, 0x21,
    0x22, 0x27, 0x10, 0x15, 0x24, 0x25, 0x30, 0x31, 0x32, 0x33, 0x07, 0x09, 0x00, 0x02, 0x11, 0x13,
    0x21, 0x22, 0x31, 0x03, 0x04, 0x10, 0x14, 0x23, 0x24, 0x32, 0x41, 0x42, 0x0f, 0x0b, 0x11, 0x16,
    0x17, 0x21, 0x22, 0x27, 0x31, 0x37, 0x41, 0x45, 0x46, 0x47, 0x52, 0x53, 0x54, 0x12, 0x15, 0x23,
    0x26, 0x32, 0x34, 0x35, 0x36, 0x42, 0x43, 0x44, 0x0d, 0x13, 0x03, 0x04, 0x05, 0x06, 0x12, 0x14,
    0x16, 0x22, 0x32, 0x34, 0x42, 0x43, 0x44, 0x01, 0x02, 0x07, 0x11, 0x13, 0x17, 0x21, 0x23, 0x27,
    0x31, 0x35, 0x36, 0x37, 0x41, 0x45, 0x51, 0x52, 0x53, 0x54, 0x04, 0x07, 0x02, 0x12, 0x20, 0x21,
    0x01, 0x10, 0x13, 0x23, 0x30, 0x31, 0x32, 0x07, 0x0b, 0x05, 0x10, 0x11, 0x13, 0x14, 0x22, 0x23,
    0x02, 0x04, 0x15, 0x16, 0x20, 0x21, 0x24, 0x32, 0x33, 0x34, 0x41, 0x0a, 0x0e, 0x12, 0x13, 0x15,
    0x16, 0x22, 0x25, 0x32, 0x33, 0x34, 0x35, 0x02, 0x11, 0x17, 0x21, 0x24, 0x26, 0x28, 0x31, 0x36,
    0x42, 0x43, 0x44, 0x45, 0x46, 0x09, 0x07, 0x11, 0x14, 0x23, 0x25, 0x30, 0x33, 0x41, 0x42, 0x43,
    0x01, 0x03, 0x12, 0x13, 0x22, 0x31, 0x32, 0x0d, 0x08, 0x05, 0x15, 0x16, 0x21, 0x26, 0x31, 0x32,
    0x36, 0x43, 0x44, 0x45, 0x46, 0x52, 0x11, 0x14, 0x22, 0x23, 0x25, 0x33, 0x34, 0x35, 0x07, 0x0a,
    0x13, 0x14, 0x15, 0x17, 0x18, 0x26, 0x27, 0x12, 0x19, 0x22, 0x23, 0x24, 0x25, 0x28, 0x29, 0x36,
    0x37, 0x03, 0x05, 0x01, 0x12, 0x21, 0x13, 0x22, 0x24, 0x31, 0x32, 0x05, 0x09, 0x04, 0x06, 0x15,
    0x16, 0x23, 0x07, 0x17, 0x22, 0x27, 0x32, 0x33, 0x34, 0x35, 0x36, 0x0a, 0x0f, 0x03, 0x04, 0x08,
    0x13, 0x16, 0x18, 0x23, 0x24, 0x25, 0x27, 0x02, 0x05, 0x09, 0x12, 0x15, 0x19, 0x22, 0x28, 0x29,
    0x33, 0x34, 0x35, 0x36, 0x37, 0x53, 0x0d, 0x0a, 0x03, 0x04, 0x15, 0x22, 0x25, 0x31, 0x35, 0x40,
    0x41, 0x42, 0x43, 0x44, 0x45, 0x01, 0x12, 0x13, 0x14, 0x21, 0x24, 0x30, 0x32, 0x33, 0x34, 0x08,
    0x0d, 0x00, 0x04, 0x14, 0x20, 0x21, 0x22, 0x23, 0x24, 0x03, 0x05, 0x11, 0x12, 0x13, 0x15, 0x25,
    0x30, 0x31, 0x32, 0x35, 0x43, 0x55, 0x0d, 0x0a, 0x02, 0x08, 0x12, 0x14, 0x18, 0x23, 0x28, 0x33,
    0x38, 0x44, 0x45, 0x46, 0x47, 0x03, 0x04, 0x07, 0x15, 0x16, 0x17, 0x24, 0x27, 0x35, 0x36, 0x0a,
    0x06, 0x01, 0x02, 0x05, 0x15, 0x22, 0x23, 0x24, 0x30, 0x31, 0x42, 0x04, 0x11, 0x12, 0x13, 0x20,
    0x21, 0x08, 0x0c, 0x00, 0x04, 0x14, 0x20, 0x21, 0x22, 0x23, 0x24, 0x02, 0x05, 0x11, 0x13, 0x15,
    0x25, 0x30, 0x31, 0x32, 0x33, 0x34, 0x35, 0x08, 0x0b, 0x01, 0x11, 0x20, 0x21, 0x31, 0x32, 0x33,
    0x34, 0x12, 0x14, 0x22, 0x25, 0x30, 0x35, 0x40, 0x41, 0x42, 0x43, 0x44, 0x09, 0x0f, 0x03, 0x05,
    0x16, 0x23, 0x24, 0x26, 0x34, 0x35, 0x36, 0x01, 0x14, 0x15, 0x17, 0x21, 0x22, 0x25, 0x27, 0x33,
    0x37, 0x43, 0x44, 0x45, 0x46, 0x47, 0x09, 0x0e, 0x03, 0x05, 0x08, 0x13, 0x17, 0x23, 0x24, 0x25,
    0x26, 0x02, 0x04, 0x09, 0x12, 0x18, 0x19, 0x22, 0x27, 0x32, 0x33, 0x34, 0x35, 0x36, 0x38, 0x07,
    0x05, 0x04, 0x14, 0x24, 0x31, 0x32, 0x33, 0x34, 0x10, 0x13, 0x21, 0x22, 0x23, 0x0c, 0x12, 0x05,
    0x12, 0x13, 0x16, 0x22, 0x26, 0x33, 0x34, 0x36, 0x44, 0x45, 0x46, 0x01, 0x02, 0x11, 0x14, 0x17,
    0x21, 0x25, 0x27, 0x32, 0x35, 0x37, 0x42, 0x43, 0x47, 0x54, 0x55, 0x56, 0x63, 0x09, 0x07, 0x03,
    0x15, 0x21, 0x25, 0x31, 0x32, 0x33, 0x34, 0x35, 0x04, 0x10, 0x11, 0x14, 0x22, 0x23, 0x24, 0x05,
    0x08, 0x02, 0x13, 0x21, 0x22, 0x30, 0x11, 0x14, 0x23, 0x25, 0x32, 0x33, 0x40, 0x41, 0x0d, 0x0a,
    0x11, 0x13, 0x17, 0x19, 0x21, 0x27, 0x31, 0x35, 0x36, 0x37, 0x42, 0x43, 0x44, 0x03, 0x12, 0x16,
    0x22, 0x24, 0x25, 0x26, 0x32, 0x33, 0x34, 0x09, 0x06, 0x15, 0x20, 0x21, 0x25, 0x32, 0x33, 0x34,
    0x35, 0x41, 0x03, 0x10, 0x11, 0x22, 0x23, 0x24, 0x06, 0x09, 0x13, 0x14, 0x16, 0x17, 0x24, 0x25,
    0x12, 0x18, 0x22, 0x23, 0x26, 0x27, 0x28, 0x34, 0x35, 0x07, 0x09, 0x03, 0x04, 0x14, 0x20, 0x21,
    0x22, 0x23, 0x05, 0x12, 0x15, 0x24, 0x25, 0x30, 0x31, 0x32, 0x33, 0x09, 0x07, 0x02, 0x06, 0x16,
    0x24, 0x25, 0x26, 0x31, 0x32, 0x33, 0x03, 0x05, 0x10, 0x14, 0x15, 0x22, 0x23, 0x0a, 0x07, 0x01,
    0x02, 0x05, 0x15, 0x21, 0x25, 0x33, 0x34, 0x35, 0x41, 0x04, 0x10, 0x11, 0x12, 0x14, 0x23, 0x24,
    0x0a, 0x0f, 0x02, 0x05, 0x12, 0x15, 0x22, 0x23, 0x33, 0x34, 0x35, 0x36, 0x01, 0x11, 0x13, 0x14,
    0x16, 0x17, 0x21, 0x27, 0x32, 0x37, 0x42, 0x43, 0x44, 0x45, 0x46, 0x0a, 0x12, 0x11, 0x12, 0x13,
    0x21, 0x25, 0x32, 0x33, 0x44, 0x45, 0x46, 0x01, 0x02, 0x03, 0x04, 0x10, 0x15, 0x16, 0x20, 0x27,
    0x30, 0x37, 0x41, 0x42, 0x43, 0x47, 0x54, 0x55, 0x56, 0x0a, 0x08, 0x11, 0x18, 0x21, 0x22, 0x27,
    0x28, 0x33, 0x34, 0x35, 0x36, 0x12, 0x13, 0x16, 0x17, 0x23, 0x24, 0x25, 0x26, 0x05, 0x0a, 0x11,
    0x13, 0x14, 0x22, 0x24, 0x15, 0x17, 0x20, 0x23, 0x25, 0x33, 0x34, 0x35, 0x41, 0x42, 0x07, 0x0b,
    0x03, 0x12, 0x21, 0x22, 0x23, 0x30, 0x32, 0x00, 0x05, 0x11, 0x15, 0x24, 0x25, 0x31, 0x33, 0x41,
    0x42, 0x43, 0x07, 0x0c, 0x10, 0x21, 0x22, 0x23, 0x24, 0x30, 0x31, 0x01, 0x11, 0x12, 0x15, 0x25,
    0x32, 0x33, 0x34, 0x35, 0x40, 0x41, 0x52, 0x0a, 0x0d, 0x01, 0x06, 0x07, 0x12, 0x13, 0x17, 0x24,
    0x25, 0x26, 0x27, 0x08, 0x11, 0x14, 0x18, 0x21, 0x22, 0x23, 0x28, 0x34, 0x35, 0x36, 0x37, 0x38,
    0x07, 0x0b, 0x04, 0x11, 0x14, 0x20, 0x22, 0x23, 0x24, 0x00, 0x05, 0x15, 0x21, 0x25, 0x30, 0x31,
    0x32, 0x33, 0x34, 0x35, 0x0b, 0x08, 0x01, 0x06, 0x16, 0x20, 0x25, 0x30, 0x31, 0x32, 0x33, 0x34,
    0x35, 0x04, 0x10, 0x11, 0x14, 0x15, 0x21, 0x23, 0x24, 0x05, 0x08, 0x04, 0x14, 0x21, 0x22, 0x23,
    0x05, 0x15, 0x24, 0x30, 0x31, 0x32, 0x33, 0x34, 0x06, 0x0b, 0x01, 0x10, 0x11, 0x22, 0x23, 0x24,
    0x05, 0x12, 0x15, 0x20, 0x21, 0x25, 0x31, 0x32, 0x34, 0x35, 0x52, 0x05, 0x07, 0x02, 0x10, 0x13,
    0x14, 0x22, 0x05, 0x15, 0x23, 0x24, 0x25, 0x31, 0x32, 0x06, 0x06, 0x04, 0x14, 0x23, 0x31, 0x32,
    0x33, 0x03, 0x11, 0x13, 0x20, 0x21, 0x22, 0x09, 0x07, 0x02, 0x04, 0x14, 0x24, 0x30, 0x31, 0x32,
    0x33, 0x34, 0x00, 0x03, 0x13, 0x20, 0x21, 0x22, 0x23, 0x0a, 0x09, 0x04, 0x05, 0x15, 0x21, 0x25,
    0x31, 0x34, 0x35, 0x42, 0x43, 0x02, 0x03, 0x10, 0x11, 0x12, 0x14, 0x22, 0x24, 0x33, 0x09, 0x06,
    0x12, 0x14, 0x20, 0x24, 0x30, 0x31, 0x32, 0x33, 0x34, 0x03, 0x10, 0x13, 0x21, 0x22, 0x23, 0x0c,
    0x0a, 0x05, 0x12, 0x13, 0x15, 0x21, 0x25, 0x31, 0x35, 0x42, 0x43, 0x44, 0x45, 0x02, 0x04, 0x10,
    0x11, 0x14, 0x22, 0x24, 0x32, 0x33, 0x34, 0x0b, 0x07, 0x11, 0x19, 0x21, 0x22, 0x23, 0x24, 0x25,
    0x26, 0x27, 0x28, 0x2a, 0x02, 0x12, 0x13, 0x14, 0x15, 0x16, 0x17, 0x09, 0x07, 0x04, 0x05, 0x15,
    0x25, 0x33, 0x34, 0x35, 0x41, 0x51, 0x03, 0x14, 0x21, 0x22, 0x23, 0x24, 0x31, 0x08, 0x0c, 0x02,
    0x10, 0x12, 0x13, 0x14, 0x20, 0x21, 0x31, 0x01, 0x11, 0x15, 0x17, 0x22, 0x24, 0x25, 0x30, 0x32,
    0x40, 0x41, 0x42, 0x0b, 0x07, 0x05, 0x10, 0x13, 0x15, 0x25, 0x30, 0x31, 0x32, 0x33, 0x34, 0x35,
    0x04, 0x14, 0x20, 0x21, 0x22, 0x23, 0x24, 0x08, 0x0c, 0x01, 0x11, 0x15, 0x21, 0x23, 0x24, 0x32,
    0x33, 0x06, 0x10, 0x16, 0x20, 0x25, 0x26, 0x31, 0x34, 0x41, 0x42, 0x43, 0x45, 0x04, 0x07, 0x03,
    0x10, 0x13, 0x21, 0x04, 0x14, 0x24, 0x30, 0x31, 0x32, 0x33, 0x06, 0x0a, 0x01, 0x04, 0x14, 0x20,
    0x21, 0x22, 0x02, 0x05, 0x10, 0x15, 0x24, 0x30, 0x31, 0x32, 0x33, 0x35, 0x06, 0x0b, 0x13, 0x14,
    0x20, 0x21, 0x22, 0x23, 0x00, 0x11, 0x12, 0x15, 0x17, 0x24, 0x25, 0x30, 0x31, 0x32, 0x33, 0x0a,
    0x07, 0x01, 0x02, 0x14, 0x22, 0x23, 0x24, 0x32, 0x40, 0x41, 0x42, 0x03, 0x11, 0x12, 0x13, 0x21,
    0x30, 0x31, 0x09, 0x0e, 0x05, 0x12, 0x16, 0x23, 0x24, 0x26, 0x34, 0x35, 0x36, 0x11, 0x14, 0x15,
    0x17, 0x22, 0x25, 0x27, 0x31, 0x33, 0x37, 0x43, 0x44, 0x45, 0x46, 0x07, 0x0a, 0x01, 0x05, 0x11,
    0x15, 0x22, 0x23, 0x24, 0x10, 0x13, 0x16, 0x21, 0x25, 0x26, 0x31, 0x32, 0x33, 0x34, 0x0b, 0x08,
    0x02, 0x06, 0x10, 0x16, 0x25, 0x26, 0x30, 0x31, 0x32, 0x33, 0x34, 0x00, 0x14, 0x15, 0x20, 0x21,
    0x22, 0x23, 0x24, 0x08, 0x06, 0x04, 0x14, 0x24, 0x30, 0x31, 0x32, 0x33, 0x34, 0x01, 0x03, 0x13,
    0x21, 0x22, 0x23, 0x07, 0x0b, 0x11, 0x13, 0x23, 0x32, 0x33, 0x41, 0x43, 0x14, 0x16, 0x21, 0x24,
    0x31, 0x34, 0x42, 0x44, 0x52, 0x53, 0x54, 0x08, 0x0b, 0x02, 0x03, 0x04, 0x14, 0x21, 0x22, 0x23,
    0x24, 0x01, 0x05, 0x12, 0x15, 0x25, 0x30, 0x31, 0x32, 0x33, 0x34, 0x35, 0x0d, 0x0b, 0x02, 0x12,
    0x15, 0x17, 0x19, 0x22, 0x27, 0x32, 0x37, 0x43, 0x44, 0x45, 0x46, 0x03, 0x05, 0x07, 0x13, 0x16,
    0x23, 0x26, 0x33, 0x34, 0x35, 0x36, 0x09, 0x0d, 0x01, 0x05, 0x11, 0x15, 0x21, 0x22, 0x23, 0x24,
    0x25, 0x03, 0x04, 0x06, 0x10, 0x16, 0x20, 0x26, 0x31, 0x32, 0x33, 0x34, 0x35, 0x36, 0x07, 0x05,
    0x15, 0x23, 0x24, 0x25, 0x30, 0x31, 0x32, 0x13, 0x14, 0x20, 0x21, 0x22, 0x0b, 0x0f, 0x03, 0x07,
    0x13, 0x17, 0x23, 0x25, 0x27, 0x33, 0x34, 0x36, 0x37, 0x02, 0x08, 0x12, 0x15, 0x18, 0x22, 0x28,
    0x32, 0x35, 0x38, 0x43, 0x44, 0x45, 0x46, 0x47, 0x0c, 0x06, 0x11, 0x19, 0x21, 0x28, 0x2a, 0x32,
    0x34, 0x37, 0x43, 0x44, 0x45, 0x46, 0x03, 0x12, 0x14, 0x23, 0x26, 0x35, 0x09, 0x0e, 0x03, 0x07,
    0x13, 0x17, 0x23, 0x24, 0x25, 0x26, 0x27, 0x02, 0x08, 0x12, 0x15, 0x18, 0x22, 0x28, 0x32, 0x33,
    0x34, 0x35, 0x36, 0x37, 0x38, 0x0c, 0x08, 0x04, 0x05, 0x12, 0x16, 0x26, 0x31, 0x32, 0x33, 0x34,
    0x35, 0x36, 0x51, 0x01, 0x03, 0x14, 0x21, 0x22, 0x23, 0x24, 0x25, 0x08, 0x0e, 0x12, 0x13, 0x14,
    0x15, 0x16, 0x17, 0x18, 0x19, 0x02, 0x11, 0x1a, 0x21, 0x22, 0x23, 0x24, 0x25, 0x26, 0x27, 0x28,
    0x29, 0x2a, 0x2c, 0x06, 0x09, 0x02, 0x11, 0x20, 0x22, 0x23, 0x32, 0x13, 0x21, 0x25, 0x26, 0x31,
    0x33, 0x34, 0x41, 0x42, 0x07, 0x0c, 0x04, 0x10, 0x14, 0x21, 0x22, 0x23, 0x24, 0x01, 0x05, 0x13,
    0x15, 0x20, 0x25, 0x30, 0x31, 0x32, 0x33, 0x34, 0x35, 0x0b, 0x0f, 0x13, 0x14, 0x15, 0x16, 0x17,
    0x25, 0x31, 0x35, 0x43, 0x44, 0x45, 0x12, 0x18, 0x22, 0x24, 0x26, 0x27, 0x28, 0x33, 0x34, 0x42,
    0x46, 0x52, 0x53, 0x56, 0x65, 0x0a, 0x07, 0x14, 0x20, 0x21, 0x24, 0x34, 0x40, 0x41, 0x42, 0x43,
    0x44, 0x03, 0x13, 0x23, 0x30, 0x31, 0x32, 0x33, 0x0a, 0x07, 0x04, 0x12, 0x15, 0x25, 0x30, 0x33,
    0x34, 0x35, 0x41, 0x42, 0x02, 0x11, 0x14, 0x20, 0x22, 0x24, 0x32, 0x06, 0x0a, 0x04, 0x10, 0x11,
    0x14, 0x21, 0x24, 0x02, 0x05, 0x15, 0x20, 0x25, 0x31, 0x33, 0x35, 0x41, 0x43, 0x07, 0x0b, 0x08,
    0x13, 0x14, 0x17, 0x18, 0x25, 0x26, 0x12, 0x19, 0x1a, 0x22, 0x23, 0x24, 0x28, 0x35, 0x36, 0x37,
    0x39, 0x0b, 0x0f, 0x05, 0x12, 0x17, 0x22, 0x23, 0x24, 0x25, 0x26, 0x36, 0x44, 0x45, 0x02, 0x03,
    0x11, 0x13, 0x16, 0x18, 0x21, 0x27, 0x28, 0x32, 0x42, 0x47, 0x53, 0x54, 0x56, 0x0c, 0x08, 0x01,
    0x07, 0x11, 0x17, 0x21, 0x22, 0x23, 0x27, 0x34, 0x35, 0x36, 0x37, 0x04, 0x06, 0x12, 0x13, 0x16,
    0x24, 0x25, 0x26, 0x0c, 0x09, 0x04, 0x05, 0x11, 0x15, 0x25, 0x32, 0x33, 0x34, 0x35, 0x40, 0x41,
    0x52, 0x00, 0x03, 0x14, 0x21, 0x22, 0x23, 0x24, 0x30, 0x31, 0x06, 0x0a, 0x12, 0x13, 0x14, 0x15,
    0x21, 0x31, 0x11, 0x16, 0x22, 0x23, 0x24, 0x25, 0x26, 0x32, 0x41, 0x42, 0x08, 0x0d, 0x04, 0x10,
    0x11, 0x14, 0x21, 0x22, 0x23, 0x24, 0x01, 0x02, 0x03, 0x15, 0x17, 0x20, 0x25, 0x30, 0x31, 0x32,
    0x33, 0x34, 0x35, 0x0c, 0x08, 0x03, 0x05, 0x12, 0x15, 0x22, 0x24, 0x34, 0x40, 0x41, 0x42, 0x43,
    0x44, 0x04, 0x11, 0x13, 0x14, 0x23, 0x31, 0x32, 0x33, 0x0c, 0x0a, 0x06, 0x12, 0x17, 0x19, 0x22,
    0x27, 0x32, 0x37, 0x43, 0x44, 0x45, 0x46, 0x04, 0x13, 0x15, 0x16, 0x23, 0x26, 0x33, 0x34, 0x35,
    0x36, 0x05, 0x08, 0x01, 0x03, 0x13, 0x21, 0x22, 0x04, 0x11, 0x14, 0x23, 0x30, 0x31, 0x32, 0x34,
    0x0b, 0x08, 0x12, 0x15, 0x25, 0x31, 0x34, 0x35, 0x41, 0x42, 0x43, 0x44, 0x51, 0x11, 0x14, 0x21,
    0x23, 0x24, 0x30, 0x32, 0x33, 0x05, 0x08, 0x02, 0x13, 0x21, 0x22, 0x31, 0x04, 0x14, 0x23, 0x24,
    0x32, 0x40, 0x41, 0x42, 0x0c, 0x08, 0x03, 0x04, 0x14, 0x20, 0x21, 0x24, 0x34, 0x40, 0x41, 0x42,
    0x43, 0x44, 0x10, 0x12, 0x13, 0x23, 0x30, 0x31, 0x32, 0x33, 0x08, 0x06, 0x13, 0x15, 0x22, 0x23,
    0x32, 0x40, 0x41, 0x42, 0x02, 0x11, 0x12, 0x21, 0x30, 0x31, 0x0a, 0x06, 0x07, 0x13, 0x17, 0x24,
    0x25, 0x26, 0x31, 0x32, 0x33, 0x37, 0x14, 0x15, 0x16, 0x21, 0x22, 0x23, 0x0a, 0x0e, 0x02, 0x05,
    0x13, 0x15, 0x22, 0x25, 0x32, 0x33, 0x34, 0x35, 0x01, 0x06, 0x11, 0x12, 0x14, 0x16, 0x21, 0x26,
    0x31, 0x36, 0x42, 0x43, 0x44, 0x45, 0x0b, 0x08, 0x07, 0x10, 0x17, 0x21, 0x24, 0x25, 0x26, 0x27,
    0x31, 0x32, 0x33, 0x02, 0x06, 0x11, 0x14, 0x15, 0x16, 0x22, 0x23, 0x09, 0x0d, 0x02, 0x12, 0x15,
    0x16, 0x17, 0x22, 0x23, 0x24, 0x25, 0x04, 0x11, 0x14, 0x18, 0x1a, 0x21, 0x27, 0x28, 0x32, 0x33,
    0x34, 0x35, 0x36, 0x07, 0x0a, 0x04, 0x10, 0x12, 0x13, 0x22, 0x30, 0x31, 0x01, 0x03, 0x14, 0x16,
    0x23, 0x24, 0x32, 0x40, 0x41, 0x43, 0x0a, 0x0e, 0x01, 0x12, 0x16, 0x22, 0x24, 0x25, 0x26, 0x32,
    0x33, 0x34, 0x11, 0x13, 0x17, 0x19, 0x21, 0x27, 0x31, 0x35, 0x36, 0x37, 0x42, 0x43, 0x44, 0x51,
    0x08, 0x0c, 0x04, 0x13, 0x14, 0x20, 0x21, 0x23, 0x31, 0x32, 0x01, 0x03, 0x05, 0x15, 0x24, 0x25,
    0x30, 0x33, 0x40, 0x41, 0x42, 0x43, 0x07, 0x08, 0x00, 0x04, 0x14, 0x20, 0x21, 0x22, 0x23, 0x05,
    0x11, 0x15, 0x24, 0x25, 0x31, 0x32, 0x33, 0x05, 0x0a, 0x10, 0x11, 0x14, 0x22, 0x23, 0x01, 0x17,
    0x21, 0x25, 0x26, 0x28, 0x31, 0x32, 0x33, 0x34, 0x0c, 0x13, 0x23, 0x27, 0x33, 0x37, 0x43, 0x45,
    0x47, 0x53, 0x54, 0x55, 0x56, 0x57, 0x13, 0x14, 0x15, 0x16, 0x17, 0x22, 0x28, 0x32, 0x35, 0x38,
    0x42, 0x48, 0x52, 0x58, 0x63, 0x64, 0x65, 0x66, 0x67, 0x06, 0x09, 0x04, 0x14, 0x20, 0x21, 0x22,
    0x23, 0x01, 0x11, 0x15, 0x24, 0x26, 0x31, 0x32, 0x33, 0x34, 0x0b, 0x08, 0x06, 0x14, 0x16, 0x26,
    0x30, 0x31, 0x32, 0x33, 0x34, 0x35, 0x36, 0x05, 0x10, 0x15, 0x20, 0x22, 0x23, 0x24, 0x25, 0x08,
    0x0d, 0x03, 0x06, 0x13, 0x23, 0x26, 0x34, 0x35, 0x36, 0x02, 0x07, 0x12, 0x17, 0x22, 0x25, 0x27,
    0x33, 0x37, 0x43, 0x44, 0x45, 0x46, 0x08, 0x0b, 0x04, 0x10, 0x14, 0x20, 0x22, 0x23, 0x31, 0x32,
    0x02, 0x05, 0x15, 0x24, 0x25, 0x30, 0x33, 0x40, 0x41, 0x42, 0x44, 0x07, 0x0c, 0x02, 0x07, 0x12,
    0x13, 0x14, 0x17, 0x24, 0x01, 0x08, 0x11, 0x18, 0x22, 0x23, 0x28, 0x34, 0x35, 0x36, 0x37, 0x43,
    0x07, 0x0b, 0x03, 0x11, 0x12, 0x13, 0x21, 0x30, 0x31, 0x00, 0x01, 0x02, 0x10, 0x14, 0x22, 0x23,
    0x24, 0x32, 0x41, 0x42, 0x0a, 0x06, 0x05, 0x15, 0x17, 0x20, 0x21, 0x25, 0x32, 0x33, 0x34, 0x41,
    0x02, 0x10, 0x11, 0x14, 0x22, 0x23, 0x07, 0x0c, 0x02, 0x12, 0x13, 0x16, 0x23, 0x24, 0x25, 0x01,
    0x07, 0x11, 0x14, 0x17, 0x22, 0x26, 0x27, 0x32, 0x33, 0x34, 0x35, 0x08, 0x0b, 0x01, 0x11, 0x12,
    0x14, 0x15, 0x22, 0x24, 0x33, 0x10, 0x16, 0x21, 0x25, 0x27, 0x31, 0x32, 0x34, 0x35, 0x43, 0x52,
    0x07, 0x0a, 0x02, 0x12, 0x14, 0x22, 0x23, 0x31, 0x32, 0x15, 0x17, 0x24, 0x25, 0x30, 0x33, 0x40,
    0x41, 0x42, 0x43, 0x09, 0x0d, 0x11, 0x13, 0x20, 0x22, 0x23, 0x32, 0x33, 0x41, 0x43, 0x03, 0x14,
    0x16, 0x21, 0x24, 0x31, 0x34, 0x42, 0x44, 0x51, 0x52, 0x53, 0x54, 0x07, 0x0a, 0x02, 0x14, 0x20,
    0x21, 0x22, 0x23, 0x24, 0x03, 0x04, 0x15, 0x25, 0x30, 0x31, 0x32, 0x33, 0x34, 0x35, 0x07, 0x06,
    0x04, 0x14, 0x23, 0x24, 0x32, 0x41, 0x42, 0x03, 0x11, 0x13, 0x20, 0x22, 0x31, 0x09, 0x07, 0x04,
    0x11, 0x14, 0x24, 0x33, 0x40, 0x41, 0x42, 0x43, 0x03, 0x12, 0x13, 0x21, 0x23, 0x31, 0x32, 0x0e,
    0x16, 0x05, 0x06, 0x17, 0x24, 0x25, 0x27, 0x37, 0x47, 0x48, 0x49, 0x57, 0x59, 0x67, 0x68, 0x04,
    0x07, 0x13, 0x18, 0x1a, 0x23, 0x28, 0x33, 0x34, 0x35, 0x38, 0x39, 0x3a, 0x46, 0x4a, 0x56, 0x5a,
    0x66, 0x69, 0x6a, 0x77, 0x78, 0x0a, 0x0e, 0x03, 0x06, 0x07, 0x13, 0x17, 0x23, 0x24, 0x25, 0x27,
    0x36, 0x02, 0x08, 0x12, 0x18, 0x22, 0x26, 0x28, 0x32, 0x33, 0x34, 0x35, 0x38, 0x46, 0x47, 0x0c,
    0x09, 0x03, 0x06, 0x10, 0x16, 0x21, 0x26, 0x32, 0x35, 0x36, 0x41, 0x43, 0x44, 0x05, 0x11, 0x12,
    0x13, 0x15, 0x22, 0x25, 0x33, 0x34, 0x09, 0x0e, 0x02, 0x07, 0x12, 0x16, 0x17, 0x23, 0x24, 0x25,
    0x26, 0x01, 0x05, 0x06, 0x08, 0x11, 0x18, 0x22, 0x27, 0x32, 0x33, 0x34, 0x35, 0x36, 0x38, 0x0f,
    0x0b, 0x01, 0x03, 0x11, 0x18, 0x21, 0x25, 0x26, 0x27, 0x28, 0x32, 0x36, 0x42, 0x43, 0x44, 0x45,
    0x02, 0x12, 0x14, 0x15, 0x16, 0x17, 0x22, 0x24, 0x33, 0x34, 0x35, 0x06, 0x09, 0x03, 0x11, 0x12,
    0x13, 0x20, 0x21, 0x01, 0x14, 0x16, 0x22, 0x23, 0x24, 0x31, 0x32, 0x51, 0x05, 0x09, 0x10, 0x13,
    0x21, 0x22, 0x23, 0x14, 0x16, 0x20, 0x24, 0x30, 0x31, 0x32, 0x33, 0x34, 0x07, 0x0a, 0x04, 0x14,
    0x15, 0x20, 0x21, 0x22, 0x23, 0x10, 0x11, 0x16, 0x24, 0x25, 0x26, 0x30, 0x31, 0x32, 0x33, 0x0a,
    0x0c, 0x12, 0x21, 0x22, 0x23, 0x34, 0x41, 0x44, 0x54, 0x63, 0x64, 0x13, 0x14, 0x24, 0x25, 0x28,
    0x31, 0x32, 0x33, 0x43, 0x53, 0x62, 0x72, 0x09, 0x06, 0x15, 0x22, 0x24, 0x25, 0x33, 0x40, 0x41,
    0x42, 0x43, 0x13, 0x14, 0x21, 0x23, 0x31, 0x32, 0x0a, 0x08, 0x01, 0x12, 0x16, 0x21, 0x25, 0x26,
    0x31, 0x32, 0x33, 0x34, 0x05, 0x10, 0x11, 0x13, 0x15, 0x22, 0x23, 0x24, 0x05, 0x08, 0x12, 0x14,
    0x22, 0x23, 0x31, 0x15, 0x21, 0x24, 0x26, 0x32, 0x33, 0x34, 0x41, 0x0b, 0x0c, 0x03, 0x13, 0x20,
    0x21, 0x22, 0x23, 0x24, 0x32, 0x33, 0x34, 0x42, 0x02, 0x04, 0x11, 0x12, 0x14, 0x15, 0x26, 0x41,
    0x46, 0x52, 0x53, 0x55, 0x07, 0x0c, 0x04, 0x12, 0x14, 0x20, 0x21, 0x22, 0x23, 0x00, 0x03, 0x05,
    0x11, 0x15, 0x24, 0x26, 0x30, 0x31, 0x32, 0x33, 0x34, 0x09, 0x0d, 0x04, 0x12, 0x13, 0x14, 0x22,
    0x24, 0x31, 0x33, 0x34, 0x02, 0x03, 0x05, 0x11, 0x15, 0x21, 0x25, 0x32, 0x35, 0x42, 0x44, 0x45,
    0x52, 0x0a, 0x06, 0x01, 0x03, 0x05, 0x15, 0x20, 0x21, 0x22, 0x23, 0x24, 0x25, 0x04, 0x10, 0x11,
    0x12, 0x13, 0x14, 0x08, 0x0b, 0x01, 0x05, 0x11, 0x12, 0x14, 0x15, 0x22, 0x24, 0x10, 0x16, 0x21,
    0x25, 0x27, 0x31, 0x32, 0x35, 0x42, 0x43, 0x44, 0x0a, 0x07, 0x05, 0x06, 0x16, 0x23, 0x25, 0x26,
    0x33, 0x34, 0x41, 0x42, 0x11, 0x13, 0x14, 0x15, 0x21, 0x22, 0x24, 0x11, 0x11, 0x12, 0x13, 0x14,
    0x16, 0x23, 0x27, 0x30, 0x34, 0x35, 0x36, 0x37, 0x38, 0x39, 0x40, 0x41, 0x42, 0x43, 0x00, 0x05,
    0x11, 0x15, 0x17, 0x20, 0x21, 0x22, 0x24, 0x25, 0x26, 0x28, 0x29, 0x2a, 0x31, 0x32, 0x33, 0x08,
    0x0a, 0x00, 0x01, 0x13, 0x23, 0x30, 0x31, 0x32, 0x33, 0x11, 0x12, 0x14, 0x15, 0x22, 0x34, 0x41,
    0x42, 0x43, 0x44, 0x0c, 0x08, 0x01, 0x03, 0x12, 0x14, 0x16, 0x24, 0x31, 0x34, 0x41, 0x42, 0x43,
    0x44, 0x04, 0x11, 0x13, 0x21, 0x22, 0x23, 0x32, 0x33, 0x09, 0x07, 0x06, 0x16, 0x20, 0x21, 0x22,
    0x25, 0x33, 0x34, 0x36, 0x03, 0x05, 0x10, 0x11, 0x12, 0x15, 0x24, 0x07, 0x0b, 0x04, 0x12, 0x13,
    0x14, 0x20, 0x22, 0x31, 0x02, 0x05, 0x15, 0x21, 0x23, 0x24, 0x25, 0x32, 0x40, 0x41, 0x42, 0x06,
    0x0a, 0x06, 0x13, 0x17, 0x24, 0x25, 0x26, 0x12, 0x18, 0x22, 0x23, 0x27, 0x28, 0x33, 0x34, 0x35,
    0x36, 0x0d, 0x14, 0x15, 0x16, 0x21, 0x22, 0x23, 0x24, 0x31, 0x36, 0x41, 0x42, 0x43, 0x44, 0x45,
    0x04, 0x05, 0x06, 0x11, 0x12, 0x13, 0x17, 0x20, 0x27, 0x30, 0x33, 0x34, 0x37, 0x40, 0x46, 0x51,
    0x52, 0x53, 0x54, 0x55, 0x09, 0x0d, 0x13, 0x15, 0x17, 0x23, 0x25, 0x27, 0x34, 0x35, 0x36, 0x03,
    0x07, 0x12, 0x18, 0x22, 0x28, 0x33, 0x37, 0x38, 0x43, 0x44, 0x45, 0x46, 0x0e, 0x16, 0x13, 0x14,
    0x22, 0x23, 0x31, 0x34, 0x36, 0x41, 0x42, 0x46, 0x53, 0x54, 0x55, 0x56, 0x03, 0x04, 0x11, 0x12,
    0x15, 0x17, 0x21, 0x24, 0x26, 0x30, 0x35, 0x37, 0x40, 0x47, 0x51, 0x52, 0x57, 0x62, 0x63, 0x64,
    0x65, 0x66, 0x07, 0x0b, 0x03, 0x11, 0x13, 0x14, 0x15, 0x21, 0x22, 0x01, 0x12, 0x16, 0x18, 0x23,
    0x24, 0x25, 0x26, 0x30, 0x31, 0x32, 0x09, 0x0c, 0x02, 0x05, 0x14, 0x15, 0x20, 0x21, 0x22, 0x23,
    0x24, 0x06, 0x11, 0x12, 0x13, 0x16, 0x25, 0x30, 0x31, 0x32, 0x33, 0x34, 0x36, 0x08, 0x0d, 0x11,
    0x13, 0x20, 0x22, 0x23, 0x32, 0x33, 0x43, 0x14, 0x16, 0x21, 0x24, 0x31, 0x34, 0x40, 0x42, 0x44,
    0x51, 0x52, 0x53, 0x54, 0x0d, 0x09, 0x01, 0x05, 0x11, 0x18, 0x21, 0x22, 0x23, 0x24, 0x28, 0x35,
    0x36, 0x37, 0x38, 0x02, 0x06, 0x12, 0x13, 0x14, 0x15, 0x25, 0x26, 0x27, 0x0d, 0x09, 0x01, 0x02,
    0x05, 0x06, 0x16, 0x20, 0x21, 0x26, 0x32, 0x35, 0x41, 0x43, 0x45, 0x03, 0x04, 0x10, 0x11, 0x12,
    0x15, 0x22, 0x23, 0x24, 0x06, 0x0b, 0x10, 0x20, 0x21, 0x22, 0x23, 0x24, 0x05, 0x11, 0x12, 0x15,
    0x26, 0x30, 0x31, 0x32, 0x33, 0x34, 0x35, 0x05, 0x09, 0x12, 0x20, 0x22, 0x31, 0x32, 0x13, 0x15,
    0x23, 0x30, 0x33, 0x40, 0x41, 0x42, 0x43, 0x07, 0x06, 0x13, 0x15, 0x25, 0x35, 0x41, 0x42, 0x43,
    0x12, 0x14, 0x22, 0x23, 0x24, 0x32, 0x0b, 0x08, 0x03, 0x10, 0x15, 0x23, 0x24, 0x25, 0x27, 0x30,
    0x31, 0x32, 0x43, 0x01, 0x02, 0x13, 0x14, 0x20, 0x21, 0x22, 0x33, 0x0f, 0x0b, 0x03, 0x06, 0x10,
    0x16, 0x21, 0x25, 0x31, 0x33, 0x35, 0x41, 0x45, 0x52, 0x53, 0x54, 0x55, 0x01, 0x11, 0x13, 0x15,
    0x22, 0x24, 0x32, 0x34, 0x42, 0x43, 0x44, 0x05, 0x09, 0x03, 0x12, 0x13, 0x31, 0x32, 0x04, 0x14,
    0x24, 0x33, 0x41, 0x42, 0x43, 0x45, 0x51, 0x06, 0x0b, 0x04, 0x14, 0x20, 0x21, 0x22, 0x23, 0x00,
    0x02, 0x10, 0x15, 0x24, 0x26, 0x30, 0x31, 0x32, 0x33, 0x34, 0x09, 0x0b, 0x03, 0x04, 0x10, 0x14,
    0x20, 0x21, 0x22, 0x23, 0x24, 0x05, 0x11, 0x12, 0x15, 0x25, 0x30, 0x31, 0x32, 0x33, 0x34, 0x35,
    0x09, 0x0c, 0x02, 0x04, 0x11, 0x14, 0x24, 0x31, 0x32, 0x33, 0x34, 0x05, 0x15, 0x21, 0x22, 0x25,
    0x30, 0x35, 0x41, 0x42, 0x43, 0x44, 0x45, 0x0b, 0x06, 0x01, 0x02, 0x05, 0x13, 0x15, 0x25, 0x31,
    0x32, 0x33, 0x34, 0x35, 0x04, 0x14, 0x21, 0x22, 0x23, 0x24, 0x11, 0x19, 0x01, 0x03, 0x12, 0x13,
    0x21, 0x22, 0x27, 0x32, 0x33, 0x35, 0x36, 0x37, 0x43, 0x44, 0x55, 0x56, 0x58, 0x00, 0x10, 0x11,
    0x14, 0x17, 0x19, 0x20, 0x23, 0x24, 0x25, 0x26, 0x29, 0x30, 0x31, 0x34, 0x41, 0x42, 0x49, 0x5a,
    0x62, 0x63, 0x64, 0x69, 0x75, 0x77, 0x06, 0x0a, 0x02, 0x10, 0x14, 0x21, 0x22, 0x23, 0x03, 0x05,
    0x15, 0x20, 0x24, 0x25, 0x30, 0x31, 0x32, 0x33, 0x08, 0x0c, 0x01, 0x05, 0x12, 0x15, 0x22, 0x24,
    0x33, 0x34, 0x02, 0x06, 0x11, 0x16, 0x21, 0x25, 0x32, 0x35, 0x41, 0x43, 0x44, 0x45, 0x07, 0x0b,
    0x04, 0x11, 0x13, 0x14, 0x23, 0x31, 0x32, 0x02, 0x05, 0x15, 0x24, 0x30, 0x33, 0x35, 0x40, 0x41,
    0x42, 0x43, 0x06, 0x09, 0x03, 0x13, 0x21, 0x22, 0x30, 0x31, 0x04, 0x10, 0x14, 0x20, 0x23, 0x32,
    0x34, 0x41, 0x42, 0x09, 0x06, 0x04, 0x16, 0x21, 0x22, 0x23, 0x24, 0x25, 0x26, 0x41, 0x01, 0x10,
    0x11, 0x12, 0x13, 0x14, 0x08, 0x07, 0x02, 0x15, 0x24, 0x26, 0x30, 0x31, 0x32, 0x33, 0x04, 0x10,
    0x12, 0x14, 0x20, 0x22, 0x23, 0x0f, 0x0c, 0x08, 0x13, 0x18, 0x23, 0x24, 0x27, 0x28, 0x33, 0x38,
    0x43, 0x48, 0x54, 0x55, 0x56, 0x57, 0x05, 0x06, 0x14, 0x17, 0x25, 0x26, 0x34, 0x37, 0x44, 0x45,
    0x46, 0x47, 0x08, 0x0b, 0x00, 0x06, 0x11, 0x15, 0x20, 0x22, 0x23, 0x24, 0x12, 0x16, 0x17, 0x21,
    0x25, 0x31, 0x32, 0x33, 0x34, 0x35, 0x41, 0x09, 0x0d, 0x03, 0x11, 0x13, 0x20, 0x21, 0x23, 0x31,
    0x32, 0x33, 0x01, 0x02, 0x04, 0x12, 0x14, 0x24, 0x30, 0x34, 0x40, 0x41, 0x42, 0x43, 0x44, 0x09,
    0x0d, 0x05, 0x12, 0x15, 0x22, 0x25, 0x32, 0x33, 0x34, 0x35, 0x03, 0x06, 0x11, 0x16, 0x21, 0x23,
    0x26, 0x31, 0x36, 0x42, 0x43, 0x44, 0x45, 0x0b, 0x0f, 0x05, 0x12, 0x13, 0x16, 0x22, 0x25, 0x26,
    0x32, 0x33, 0x34, 0x35, 0x02, 0x06, 0x11, 0x14, 0x17, 0x19, 0x21, 0x27, 0x31, 0x36, 0x37, 0x42,
    0x43, 0x44, 0x45, 0x0b, 0x09, 0x07, 0x10, 0x17, 0x21, 0x26, 0x27, 0x31, 0x32, 0x33, 0x34, 0x35,
    0x01, 0x04, 0x06, 0x11, 0x16, 0x22, 0x23, 0x24, 0x25, 0x0a, 0x08, 0x04, 0x10, 0x16, 0x25, 0x26,
    0x30, 0x31, 0x32, 0x33, 0x34, 0x01, 0x11, 0x15, 0x20, 0x21, 0x22, 0x23, 0x24, 0x07, 0x0a, 0x11,
    0x13, 0x14, 0x15, 0x20, 0x22, 0x32, 0x16, 0x18, 0x21, 0x23, 0x25, 0x26, 0x31, 0x33, 0x41, 0x42,
    0x08, 0x0b, 0x03, 0x05, 0x07, 0x13, 0x17, 0x23, 0x27, 0x45, 0x12, 0x16, 0x18, 0x22, 0x28, 0x32,
    0x33, 0x34, 0x36, 0x37, 0x38, 0x06, 0x0b, 0x04, 0x11, 0x14, 0x22, 0x23, 0x24, 0x05, 0x12, 0x13,
    0x15, 0x21, 0x25, 0x31, 0x34, 0x42, 0x43, 0x45, 0x0c, 0x0f, 0x02, 0x03, 0x06, 0x07, 0x12, 0x17,
    0x22, 0x23, 0x24, 0x25, 0x26, 0x27, 0x01, 0x08, 0x11, 0x13, 0x14, 0x15, 0x18, 0x21, 0x28, 0x32,
    0x33, 0x34, 0x35, 0x36, 0x37, 0x07, 0x0b, 0x03, 0x13, 0x20, 0x21, 0x23, 0x31, 0x33, 0x01, 0x04,
    0x14, 0x24, 0x30, 0x34, 0x40, 0x41, 0x42, 0x43, 0x44, 0x09, 0x0c, 0x01, 0x04, 0x11, 0x14, 0x15,
    0x20, 0x21, 0x22, 0x23, 0x05, 0x06, 0x12, 0x13, 0x16, 0x24, 0x25, 0x26, 0x30, 0x31, 0x32, 0x33,
    0x08, 0x0d, 0x10, 0x12, 0x14, 0x21, 0x22, 0x24, 0x32, 0x33, 0x04, 0x05, 0x13, 0x15, 0x20, 0x25,
    0x30, 0x31, 0x35, 0x42, 0x43, 0x44, 0x51, 0x0e, 0x14, 0x11, 0x12, 0x13, 0x21, 0x24, 0x25, 0x26,
    0x32, 0x36, 0x42, 0x45, 0x46, 0x53, 0x54, 0x01, 0x02, 0x03, 0x10, 0x14, 0x15, 0x16, 0x20, 0x27,
    0x31, 0x37, 0x41, 0x43, 0x47, 0x52, 0x55, 0x56, 0x62, 0x63, 0x64, 0x0c, 0x0a, 0x05, 0x06, 0x13,
    0x16, 0x26, 0x30, 0x31, 0x32, 0x35, 0x43, 0x44, 0x46, 0x02, 0x04, 0x12, 0x15, 0x20, 0x21, 0x22,
    0x24, 0x25, 0x33, 0x07, 0x06, 0x14, 0x15, 0x24, 0x31, 0x32, 0x33, 0x34, 0x01, 0x04, 0x13, 0x21,
    0x22, 0x23, 0x07, 0x09, 0x03, 0x05, 0x10, 0x13, 0x14, 0x15, 0x22, 0x06, 0x12, 0x16, 0x23, 0x24,
    0x25, 0x26, 0x31, 0x32, 0x0f, 0x0b, 0x01, 0x04, 0x12, 0x14, 0x16, 0x22, 0x25, 0x35, 0x41, 0x45,
    0x51, 0x52, 0x53, 0x54, 0x55, 0x11, 0x13, 0x21, 0x23, 0x24, 0x31, 0x32, 0x34, 0x42, 0x43, 0x44,
    0x08, 0x0d, 0x02, 0x03, 0x07, 0x12, 0x14, 0x17, 0x23, 0x24, 0x01, 0x06, 0x08, 0x11, 0x18, 0x21,
    0x22, 0x27, 0x28, 0x33, 0x34, 0x35, 0x36, 0x05, 0x08, 0x10, 0x13, 0x21, 0x22, 0x23, 0x02, 0x04,
    0x14, 0x24, 0x31, 0x32, 0x33, 0x34, 0x07, 0x0b, 0x04, 0x07, 0x13, 0x16, 0x17, 0x25, 0x26, 0x02,
    0x08, 0x12, 0x18, 0x22, 0x27, 0x28, 0x33, 0x34, 0x35, 0x36, 0x0d, 0x09, 0x06, 0x07, 0x10, 0x17,
    0x21, 0x27, 0x32, 0x35, 0x36, 0x37, 0x41, 0x43, 0x44, 0x05, 0x11, 0x12, 0x16, 0x22, 0x24, 0x25,
    0x26, 0x34, 0x05, 0x07, 0x11, 0x12, 0x13, 0x21, 0x31, 0x14, 0x22, 0x23, 0x25, 0x41, 0x42, 0x43,
    0x07, 0x0b, 0x04, 0x13, 0x14, 0x21, 0x22, 0x30, 0x31, 0x02, 0x10, 0x15, 0x17, 0x23, 0x25, 0x32,
    0x33, 0x40, 0x41, 0x42, 0x07, 0x0c, 0x03, 0x13, 0x14, 0x17, 0x24, 0x25, 0x26, 0x02, 0x08, 0x12,
    0x15, 0x18, 0x22, 0x23, 0x27, 0x28, 0x34, 0x35, 0x36, 0x06, 0x09, 0x03, 0x11, 0x13, 0x20, 0x22,
    0x23, 0x02, 0x04, 0x14, 0x24, 0x30, 0x31, 0x32, 0x34, 0x43, 0x0c, 0x0f, 0x01, 0x06, 0x11, 0x14,
    0x16, 0x21, 0x23, 0x25, 0x26, 0x31, 0x32, 0x33, 0x05, 0x07, 0x10, 0x13, 0x17, 0x20, 0x24, 0x27,
    0x30, 0x34, 0x35, 0x36, 0x41, 0x42, 0x43, 0x0e, 0x0a, 0x01, 0x02, 0x06, 0x11, 0x16, 0x21, 0x23,
    0x26, 0x31, 0x36, 0x42, 0x43, 0x44, 0x45, 0x03, 0x05, 0x12, 0x15, 0x22, 0x25, 0x32, 0x33, 0x34,
    0x35, 0x08, 0x07, 0x03, 0x15, 0x21, 0x25, 0x31, 0x32, 0x33, 0x34, 0x04, 0x10, 0x11, 0x14, 0x22,
    0x23, 0x24, 0x0a, 0x08, 0x10, 0x17, 0x20, 0x24, 0x25, 0x26, 0x28, 0x31, 0x32, 0x33, 0x06, 0x12,
    0x14, 0x15, 0x16, 0x21, 0x22, 0x23, 0x05, 0x09, 0x10, 0x11, 0x12, 0x13, 0x14, 0x02, 0x04, 0x15,
    0x20, 0x21, 0x22, 0x23, 0x24, 0x25, 0x0a, 0x09, 0x05, 0x13, 0x15, 0x22, 0x25, 0x30, 0x31, 0x32,
    0x33, 0x34, 0x00, 0x04, 0x11, 0x12, 0x14, 0x20, 0x21, 0x23, 0x24, 0x08, 0x0b, 0x00, 0x03, 0x13,
    0x23, 0x30, 0x31, 0x32, 0x33, 0x12, 0x14, 0x15, 0x20, 0x21, 0x22, 0x34, 0x41, 0x42, 0x43, 0x44,
    0x09, 0x0c, 0x02, 0x06, 0x12, 0x16, 0x22, 0x23, 0x26, 0x33, 0x34, 0x01, 0x07, 0x11, 0x17, 0x21,
    0x27, 0x31, 0x32, 0x35, 0x36, 0x43, 0x44, 0x0b, 0x08, 0x02, 0x11, 0x15, 0x24, 0x26, 0x32, 0x33,
    0x34, 0x40, 0x41, 0x52, 0x10, 0x12, 0x13, 0x14, 0x21, 0x22, 0x23, 0x31, 0x06, 0x0a, 0x04, 0x14,
    0x20, 0x21, 0x22, 0x23, 0x02, 0x05, 0x10, 0x15, 0x25, 0x30, 0x31, 0x32, 0x33, 0x34, 0x07, 0x0b,
    0x02, 0x06, 0x12, 0x15, 0x16, 0x23, 0x24, 0x01, 0x05, 0x11, 0x17, 0x22, 0x25, 0x26, 0x27, 0x32,
    0x33, 0x34, 0x09, 0x07, 0x04, 0x14, 0x24, 0x33, 0x34, 0x40, 0x41, 0x42, 0x43, 0x03, 0x13, 0x22,
    0x23, 0x30, 0x31, 0x32, 0x09, 0x0e, 0x06, 0x12, 0x13, 0x16, 0x22, 0x24, 0x25, 0x33, 0x34, 0x01,
    0x02, 0x11, 0x15, 0x17, 0x21, 0x26, 0x27, 0x32, 0x35, 0x42, 0x43, 0x44, 0x46, 0x09, 0x0e, 0x06,
    0x13, 0x16, 0x23, 0x27, 0x34, 0x35, 0x36, 0x37, 0x12, 0x15, 0x17, 0x18, 0x22, 0x28, 0x33, 0x38,
    0x43, 0x44, 0x45, 0x46, 0x47, 0x48, 0x08, 0x0c, 0x04, 0x12, 0x14, 0x21, 0x22, 0x23, 0x30, 0x32,
    0x05, 0x10, 0x11, 0x15, 0x24, 0x31, 0x33, 0x35, 0x41, 0x42, 0x43, 0x51, 0x06, 0x09, 0x05, 0x10,
    0x11, 0x12, 0x13, 0x14, 0x02, 0x04, 0x15, 0x16, 0x20, 0x21, 0x22, 0x23, 0x24, 0x09, 0x06, 0x01,
    0x22, 0x25, 0x26, 0x28, 0x31, 0x32, 0x33, 0x34, 0x10, 0x11, 0x12, 0x14, 0x21, 0x24, 0x05, 0x08,
    0x02, 0x13, 0x21, 0x22, 0x30, 0x14, 0x20, 0x23, 0x25, 0x31, 0x32, 0x33, 0x51, 0x06, 0x09, 0x01,
    0x04, 0x13, 0x21, 0x22, 0x23, 0x05, 0x14, 0x15, 0x24, 0x30, 0x31, 0x32, 0x33, 0x34, 0x09, 0x0c,
    0x02, 0x05, 0x07, 0x13, 0x15, 0x16, 0x17, 0x22, 0x23, 0x03, 0x08, 0x11, 0x18, 0x21, 0x25, 0x26,
    0x27, 0x28, 0x32, 0x33, 0x34, 0x0d, 0x09, 0x05, 0x12, 0x16, 0x18, 0x20, 0x21, 0x26, 0x32, 0x33,
    0x34, 0x35, 0x36, 0x41, 0x02, 0x04, 0x10, 0x11, 0x15, 0x22, 0x23, 0x24, 0x25, 0x07, 0x09, 0x02,
    0x06, 0x12, 0x13, 0x15, 0x16, 0x24, 0x11, 0x17, 0x21, 0x22, 0x23, 0x25, 0x26, 0x27, 0x34, 0x0d,
    0x09, 0x10, 0x12, 0x17, 0x22, 0x27, 0x31, 0x34, 0x36, 0x41, 0x42, 0x43, 0x45, 0x47, 0x11, 0x13,
    0x21, 0x23, 0x24, 0x25, 0x26, 0x32, 0x33, 0x0b, 0x08, 0x01, 0x02, 0x15, 0x17, 0x23, 0x24, 0x25,
    0x32, 0x40, 0x41, 0x42, 0x03, 0x11, 0x13, 0x14, 0x21, 0x22, 0x30, 0x31, 0x0c, 0x08, 0x01, 0x11,
    0x17, 0x21, 0x22, 0x25, 0x26, 0x27, 0x32, 0x33, 0x34, 0x35, 0x03, 0x04, 0x06, 0x12, 0x15, 0x16,
    0x23, 0x24, 0x09, 0x0d, 0x05, 0x13, 0x17, 0x23, 0x25, 0x27, 0x34, 0x35, 0x36, 0x03, 0x07, 0x12,
    0x18, 0x22, 0x28, 0x32, 0x33, 0x37, 0x38, 0x44, 0x45, 0x46, 0x06, 0x09, 0x01, 0x04, 0x13, 0x14,
    0x21, 0x22, 0x05, 0x10, 0x15, 0x23, 0x24, 0x25, 0x30, 0x31, 0x32, 0x0c, 0x0a, 0x06, 0x12, 0x17,
    0x19, 0x22, 0x27, 0x32, 0x37, 0x43, 0x44, 0x45, 0x46, 0x03, 0x13, 0x15, 0x16, 0x23, 0x26, 0x33,
    0x34, 0x35, 0x36, 0x0a, 0x08, 0x10, 0x11, 0x14, 0x16, 0x20, 0x24, 0x27, 0x33, 0x51, 0x53, 0x01,
    0x04, 0x05, 0x12, 0x13, 0x21, 0x30, 0x31, 0x0b, 0x08, 0x05, 0x15, 0x22, 0x23, 0x24, 0x25, 0x32,
    0x42, 0x50, 0x51, 0x52, 0x04, 0x12, 0x13, 0x14, 0x21, 0x31, 0x40, 0x41, 0x0b, 0x12, 0x23, 0x25,
    0x32, 0x36, 0x42, 0x46, 0x52, 0x53, 0x54, 0x55, 0x56, 0x12, 0x13, 0x14, 0x15, 0x16, 0x22, 0x26,
    0x31, 0x37, 0x41, 0x47, 0x51, 0x57, 0x62, 0x63, 0x64, 0x65, 0x66, 0x0a, 0x06, 0x01, 0x02, 0x12,
    0x15, 0x25, 0x32, 0x34, 0x41, 0x42, 0x44, 0x00, 0x11, 0x20, 0x22, 0x23, 0x31, 0x05, 0x08, 0x04,
    0x11, 0x14, 0x22, 0x23, 0x05, 0x15, 0x21, 0x25, 0x31, 0x32, 0x33, 0x34, 0x07, 0x0a, 0x06, 0x07,
    0x15, 0x17, 0x24, 0x25, 0x26, 0x08, 0x12, 0x18, 0x23, 0x27, 0x28, 0x33, 0x34, 0x35, 0x36, 0x0a,
    0x0e, 0x02, 0x06, 0x12, 0x15, 0x16, 0x23, 0x26, 0x33, 0x34, 0x35, 0x01, 0x04, 0x07, 0x11, 0x17,
    0x22, 0x27, 0x32, 0x36, 0x37, 0x42, 0x43, 0x44, 0x45, 0x09, 0x07, 0x05, 0x16, 0x17, 0x21, 0x22,
    0x23, 0x24, 0x25, 0x41, 0x06, 0x10, 0x11, 0x12, 0x13, 0x14, 0x15, 0x0b, 0x08, 0x06, 0x10, 0x11,
    0x16, 0x24, 0x25, 0x30, 0x31, 0x32, 0x33, 0x36, 0x01, 0x13, 0x14, 0x15, 0x20, 0x21, 0x22, 0x23,
    0x09, 0x07, 0x01, 0x05, 0x15, 0x25, 0x31, 0x32, 0x33, 0x34, 0x35, 0x04, 0x10, 0x11, 0x14, 0x22,
    0x23, 0x24, 0x0f, 0x12, 0x02, 0x03, 0x04, 0x05, 0x12, 0x15, 0x16, 0x22, 0x23, 0x26, 0x33, 0x36,
    0x44, 0x45, 0x46, 0x01, 0x06, 0x07, 0x11, 0x14, 0x17, 0x21, 0x24, 0x27, 0x32, 0x34, 0x37, 0x42,
    0x43, 0x47, 0x54, 0x55, 0x56, 0x06, 0x09, 0x03, 0x12, 0x21, 0x22, 0x30, 0x31, 0x02, 0x11, 0x13,
    0x15, 0x23, 0x33, 0x40, 0x41, 0x42, 0x09, 0x08, 0x01, 0x05, 0x15, 0x25, 0x30, 0x31, 0x32, 0x33,
    0x34, 0x03, 0x10, 0x12, 0x14, 0x20, 0x21, 0x22, 0x23, 0x0a, 0x07, 0x10, 0x12, 0x16, 0x25, 0x27,
    0x31, 0x32, 0x33, 0x34, 0x35, 0x11, 0x14, 0x15, 0x21, 0x22, 0x23, 0x24, 0x07, 0x0a, 0x03, 0x11,
    0x12, 0x22, 0x23, 0x31, 0x32, 0x01, 0x13, 0x14, 0x15, 0x24, 0x33, 0x40, 0x41, 0x42, 0x43, 0x0c,
    0x09, 0x10, 0x16, 0x20, 0x24, 0x26, 0x31, 0x35, 0x36, 0x41, 0x42, 0x43, 0x44, 0x04, 0x11, 0x13,
    0x15, 0x21, 0x25, 0x32, 0x33, 0x34, 0x07, 0x08, 0x00, 0x04, 0x12, 0x13, 0x14, 0x21, 0x22, 0x02,
    0x05, 0x15, 0x25, 0x30, 0x31, 0x32, 0x34, 0x08, 0x06, 0x15, 0x21, 0x23, 0x24, 0x25, 0x31, 0x33,
    0x42, 0x04, 0x10, 0x11, 0x13, 0x14, 0x22, 0x07, 0x0a, 0x01, 0x14, 0x20, 0x21, 0x22, 0x23, 0x24,
    0x04, 0x10, 0x13, 0x15, 0x25, 0x31, 0x32, 0x33, 0x34, 0x35, 0x05, 0x08, 0x04, 0x10, 0x11, 0x12,
    0x13, 0x03, 0x05, 0x15, 0x20, 0x21, 0x22, 0x23, 0x24, 0x0a, 0x0e, 0x06, 0x13, 0x15, 0x16, 0x23,
    0x26, 0x33, 0x34, 0x35, 0x36, 0x03, 0x12, 0x14, 0x17, 0x19, 0x22, 0x27, 0x32, 0x37, 0x43, 0x44,
    0x45, 0x46, 0x47, 0x08, 0x0d, 0x03, 0x07, 0x17, 0x23, 0x24, 0x25, 0x26, 0x27, 0x02, 0x08, 0x12,
    0x18, 0x22, 0x28, 0x32, 0x33, 0x34, 0x35, 0x36, 0x37, 0x38, 0x08, 0x0b, 0x02, 0x03, 0x10, 0x11,
    0x20, 0x22, 0x23, 0x24, 0x01, 0x04, 0x05, 0x15, 0x21, 0x25, 0x30, 0x31, 0x32, 0x33, 0x34, 0x0a,
    0x06, 0x01, 0x12, 0x14, 0x16, 0x24, 0x30, 0x31, 0x32, 0x33, 0x34, 0x03, 0x13, 0x20, 0x21, 0x22,
    0x23, 0x08, 0x06, 0x05, 0x15, 0x21, 0x22, 0x25, 0x32, 0x33, 0x34, 0x01, 0x10, 0x11, 0x12, 0x14,
    0x23, 0x07, 0x0c, 0x04, 0x12, 0x14, 0x15, 0x21, 0x22, 0x23, 0x03, 0x10, 0x13, 0x20, 0x24, 0x25,
    0x26, 0x28, 0x31, 0x32, 0x33, 0x52, 0x0b, 0x08, 0x01, 0x04, 0x05, 0x15, 0x25, 0x30, 0x31, 0x32,
    0x33, 0x34, 0x35, 0x02, 0x03, 0x14, 0x20, 0x21, 0x22, 0x23, 0x24, 0x0c, 0x0e, 0x01, 0x05, 0x15,
    0x21, 0x25, 0x30, 0x31, 0x32, 0x34, 0x43, 0x44, 0x46, 0x02, 0x03, 0x04, 0x10, 0x11, 0x14, 0x20,
    0x22, 0x23, 0x24, 0x33, 0x42, 0x51, 0x62, 0x06, 0x09, 0x01, 0x13, 0x14, 0x21, 0x22, 0x23, 0x10,
    0x15, 0x24, 0x26, 0x30, 0x31, 0x32, 0x33, 0x34, 0x0a, 0x0e, 0x03, 0x11, 0x12, 0x14, 0x16, 0x17,
    0x23, 0x24, 0x25, 0x34, 0x01, 0x05, 0x10, 0x18, 0x20, 0x21, 0x22, 0x27, 0x28, 0x33, 0x35, 0x36,
    0x42, 0x44, 0x06, 0x0a, 0x13, 0x14, 0x15, 0x17, 0x26, 0x27, 0x12, 0x18, 0x1a, 0x22, 0x23, 0x24,
    0x28, 0x35, 0x36, 0x37, 0x05, 0x07, 0x11, 0x12, 0x21, 0x23, 0x24, 0x15, 0x22, 0x31, 0x32, 0x33,
    0x34, 0x35, 0x07, 0x0c, 0x02, 0x11, 0x14, 0x21, 0x22, 0x23, 0x24, 0x01, 0x04, 0x13, 0x15, 0x17,
    0x25, 0x30, 0x31, 0x32, 0x33, 0x34, 0x35, 0x0c, 0x0b, 0x02, 0x12, 0x17, 0x19, 0x22, 0x27, 0x32,
    0x37, 0x43, 0x44, 0x45, 0x46, 0x03, 0x05, 0x07, 0x13, 0x16, 0x23, 0x26, 0x33, 0x34, 0x35, 0x36,
    0x08, 0x07, 0x05, 0x15, 0x24, 0x25, 0x30, 0x31, 0x32, 0x33, 0x00, 0x02, 0x14, 0x20, 0x21, 0x22,
    0x23, 0x0b, 0x13, 0x06, 0x12, 0x13, 0x16, 0x17, 0x24, 0x27, 0x34, 0x35, 0x36, 0x37, 0x01, 0x02,
    0x07, 0x08, 0x11, 0x18, 0x19, 0x22, 0x23, 0x25, 0x26, 0x28, 0x33, 0x38, 0x43, 0x44, 0x45, 0x46,
    0x47, 0x0d, 0x10, 0x01, 0x05, 0x06, 0x11, 0x16, 0x22, 0x23, 0x26, 0x32, 0x34, 0x35, 0x42, 0x43,
    0x02, 0x07, 0x10, 0x12, 0x15, 0x17, 0x21, 0x25, 0x27, 0x31, 0x36, 0x41, 0x46, 0x52, 0x53, 0x54,
    0x08, 0x07, 0x03, 0x15, 0x25, 0x32, 0x33, 0x34, 0x51, 0x52, 0x12, 0x21, 0x22, 0x23, 0x24, 0x31,
    0x41, 0x09, 0x06, 0x14, 0x16, 0x24, 0x30, 0x32, 0x33, 0x34, 0x41, 0x52, 0x11, 0x13, 0x21, 0x22,
    0x23, 0x31, 0x0f, 0x0b, 0x04, 0x07, 0x12, 0x18, 0x22, 0x28, 0x32, 0x37, 0x43, 0x44, 0x47, 0x52,
    0x55, 0x56, 0x57, 0x13, 0x15, 0x23, 0x25, 0x26, 0x27, 0x33, 0x34, 0x36, 0x45, 0x46, 0x09, 0x06,
    0x03, 0x14, 0x22, 0x23, 0x24, 0x32, 0x40, 0x41, 0x42, 0x10, 0x12, 0x13, 0x21, 0x30, 0x31, 0x05,
    0x07, 0x02, 0x21, 0x22, 0x30, 0x31, 0x03, 0x14, 0x23, 0x32, 0x33, 0x40, 0x41, 0x0d, 0x08, 0x02,
    0x08, 0x12, 0x16, 0x18, 0x23, 0x24, 0x28, 0x32, 0x35, 0x36, 0x37, 0x38, 0x03, 0x13, 0x14, 0x15,
    0x17, 0x25, 0x26, 0x27, 0x09, 0x0f, 0x03, 0x13, 0x16, 0x17, 0x18, 0x23, 0x24, 0x25, 0x26, 0x02,
    0x04, 0x07, 0x09, 0x12, 0x15, 0x19, 0x22, 0x27, 0x28, 0x29, 0x33, 0x34, 0x35, 0x36, 0x11, 0x0e,
    0x07, 0x08, 0x11, 0x13, 0x18, 0x21, 0x23, 0x28, 0x31, 0x34, 0x38, 0x41, 0x44, 0x45, 0x46, 0x47,
    0x52, 0x06, 0x12, 0x14, 0x15, 0x17, 0x22, 0x25, 0x26, 0x27, 0x32, 0x33, 0x35, 0x36, 0x37, 0x09,
    0x0d, 0x01, 0x11, 0x12, 0x15, 0x16, 0x22, 0x23, 0x26, 0x35, 0x06, 0x07, 0x10, 0x17, 0x21, 0x27,
    0x32, 0x33, 0x36, 0x37, 0x41, 0x44, 0x45, 0x05, 0x04, 0x25, 0x33, 0x34, 0x41, 0x42, 0x11, 0x23,
    0x31, 0x32, 0x07, 0x0b, 0x01, 0x11, 0x13, 0x21, 0x32, 0x33, 0x34, 0x10, 0x20, 0x24, 0x27, 0x31,
    0x35, 0x36, 0x41, 0x42, 0x43, 0x44, 0x0b, 0x08, 0x02, 0x08, 0x12, 0x18, 0x22, 0x28, 0x33, 0x34,
    0x35, 0x36, 0x37, 0x03, 0x05, 0x07, 0x13, 0x15, 0x17, 0x24, 0x26, 0x06, 0x0b, 0x11, 0x12, 0x15,
    0x23, 0x24, 0x25, 0x03, 0x16, 0x18, 0x20, 0x21, 0x22, 0x26, 0x33, 0x35, 0x36, 0x42, 0x09, 0x07,
    0x03, 0x04, 0x14, 0x24, 0x32, 0x33, 0x34, 0x40, 0x41, 0x02, 0x13, 0x21, 0x22, 0x23, 0x30, 0x31,
    0x06, 0x0a, 0x04, 0x10, 0x14, 0x22, 0x23, 0x24, 0x01, 0x05, 0x15, 0x25, 0x30, 0x31, 0x32, 0x33,
    0x34, 0x35, 0x06, 0x0a, 0x01, 0x11, 0x15, 0x22, 0x23, 0x24, 0x06, 0x10, 0x16, 0x21, 0x26, 0x31,
    0x32, 0x33, 0x34, 0x35, 0x03, 0x05, 0x01, 0x12, 0x21, 0x13, 0x22, 0x24, 0x31, 0x32, 0x0e, 0x0a,
    0x01, 0x06, 0x11, 0x16, 0x21, 0x26, 0x32, 0x36, 0x42, 0x46, 0x52, 0x53, 0x54, 0x55, 0x04, 0x12,
    0x22, 0x23, 0x24, 0x25, 0x33, 0x35, 0x43, 0x44, 0x08, 0x0a, 0x00, 0x01, 0x13, 0x23, 0x30, 0x31,
    0x32, 0x33, 0x12, 0x14, 0x15, 0x21, 0x22, 0x34, 0x41, 0x42, 0x43, 0x44, 0x0b, 0x08, 0x05, 0x13,
    0x15, 0x25, 0x31, 0x35, 0x41, 0x42, 0x43, 0x44, 0x45, 0x04, 0x11, 0x14, 0x21, 0x24, 0x32, 0x33,
    0x34, 0x08, 0x0d, 0x05, 0x11, 0x15, 0x21, 0x22, 0x23, 0x24, 0x25, 0x02, 0x06, 0x10, 0x12, 0x16,
    0x20, 0x26, 0x31, 0x32, 0x33, 0x34, 0x35, 0x36, 0x0c, 0x08, 0x03, 0x04, 0x11, 0x16, 0x22, 0x26,
    0x32, 0x35, 0x36, 0x42, 0x43, 0x44, 0x05, 0x12, 0x14, 0x15, 0x23, 0x25, 0x33, 0x34, 0x09, 0x0c,
    0x05, 0x10, 0x11, 0x12, 0x13, 0x14, 0x23, 0x24, 0x25, 0x01, 0x03, 0x15, 0x16, 0x21, 0x22, 0x26,
    0x33, 0x34, 0x35, 0x36, 0x42, 0x06, 0x09, 0x02, 0x13, 0x21, 0x22, 0x30, 0x31, 0x03, 0x05, 0x14,
    0x23, 0x24, 0x32, 0x40, 0x41, 0x42, 0x0b, 0x09, 0x05, 0x15, 0x20, 0x25, 0x31, 0x35, 0x41, 0x42,
    0x43, 0x44, 0x45, 0x01, 0x04, 0x14, 0x21, 0x22, 0x24, 0x32, 0x33, 0x34, 0x0b, 0x07, 0x06, 0x13,
    0x16, 0x20, 0x24, 0x25, 0x26, 0x30, 0x31, 0x32, 0x33, 0x10, 0x12, 0x14, 0x15, 0x21, 0x22, 0x23,
    0x07, 0x0b, 0x00, 0x04, 0x14, 0x20, 0x21, 0x22, 0x23, 0x03, 0x10, 0x11, 0x15, 0x24, 0x26, 0x30,
    0x31, 0x32, 0x33, 0x34, 0x07, 0x0c, 0x10, 0x13, 0x21, 0x23, 0x31, 0x32, 0x33, 0x11, 0x12, 0x14,
    0x16, 0x24, 0x30, 0x34, 0x41, 0x42, 0x43, 0x44, 0x61, 0x07, 0x0a, 0x05, 0x06, 0x14, 0x16, 0x23,
    0x24, 0x25, 0x07, 0x11, 0x17, 0x22, 0x26, 0x32, 0x33, 0x34, 0x35, 0x36, 0x0c, 0x09, 0x06, 0x09,
    0x12, 0x19, 0x22, 0x23, 0x24, 0x25, 0x28, 0x29, 0x36, 0x37, 0x03, 0x08, 0x13, 0x14, 0x15, 0x16,
    0x17, 0x18, 0x26, 0x05, 0x08, 0x03, 0x12, 0x13, 0x21, 0x22, 0x11, 0x14, 0x15, 0x23, 0x31, 0x32,
    0x33, 0x51, 0x06, 0x08, 0x11, 0x13, 0x20, 0x21, 0x22, 0x23, 0x02, 0x15, 0x25, 0x30, 0x31, 0x32,
    0x33, 0x34, 0x09, 0x07, 0x04, 0x11, 0x14, 0x24, 0x30, 0x31, 0x32, 0x33, 0x34, 0x01, 0x03, 0x12,
    0x20, 0x21, 0x22, 0x23, 0x08, 0x06, 0x02, 0x04, 0x14, 0x23, 0x25, 0x32, 0x33, 0x41, 0x03, 0x12,
    0x13, 0x22, 0x30, 0x31, 0x09, 0x06, 0x05, 0x15, 0x24, 0x25, 0x30, 0x31, 0x32, 0x33, 0x51, 0x01,
    0x03, 0x14, 0x21, 0x22, 0x23, 0x08, 0x06, 0x13, 0x16, 0x24, 0x25, 0x30, 0x31, 0x32, 0x33, 0x01,
    0x04, 0x14, 0x21, 0x22, 0x23, 0x07, 0x0b, 0x01, 0x05, 0x11, 0x15, 0x23, 0x24, 0x25, 0x06, 0x10,
    0x16, 0x21, 0x26, 0x31, 0x32, 0x33, 0x34, 0x35, 0x36, 0x09, 0x0f, 0x06, 0x11, 0x12, 0x13, 0x16,
    0x23, 0x24, 0x25, 0x26, 0x02, 0x03, 0x07, 0x10, 0x14, 0x17, 0x21, 0x22, 0x27, 0x33, 0x34, 0x35,
    0x36, 0x37, 0x42, 0x0a, 0x08, 0x10, 0x16, 0x21, 0x25, 0x26, 0x28, 0x31, 0x32, 0x33, 0x34, 0x01,
    0x04, 0x06, 0x11, 0x15, 0x22, 0x23, 0x24, 0x0c, 0x13, 0x12, 0x13, 0x14, 0x15, 0x21, 0x23, 0x26,
    0x32, 0x36, 0x43, 0x44, 0x45, 0x01, 0x02, 0x03, 0x04, 0x05, 0x11, 0x16, 0x20, 0x27, 0x30, 0x34,
    0x37, 0x41, 0x42, 0x47, 0x53, 0x54, 0x55, 0x56, 0x08, 0x06, 0x11, 0x12, 0x14, 0x24, 0x31, 0x32,
    0x33, 0x34, 0x10, 0x13, 0x20, 0x21, 0x22, 0x23, 0x0a, 0x08, 0x05, 0x15, 0x25, 0x30, 0x34, 0x35,
    0x40, 0x41, 0x42, 0x43, 0x04, 0x12, 0x14, 0x22, 0x24, 0x31, 0x32, 0x33, 0x07, 0x05, 0x13, 0x15,
    0x23, 0x33, 0x41, 0x42, 0x43, 0x12, 0x20, 0x22, 0x31, 0x32, 0x0d, 0x09, 0x01, 0x05, 0x11, 0x15,
    0x20, 0x25, 0x31, 0x35, 0x41, 0x42, 0x43, 0x44, 0x45, 0x03, 0x10, 0x12, 0x21, 0x22, 0x24, 0x32,
    0x33, 0x34, 0x08, 0x05, 0x15, 0x17, 0x21, 0x22, 0x23, 0x24, 0x25, 0x41, 0x10, 0x11, 0x12, 0x13,
    0x14, 0x08, 0x06, 0x01, 0x14, 0x23, 0x25, 0x30, 0x31, 0x32, 0x33, 0x03, 0x11, 0x13, 0x20, 0x21,
    0x22, 0x08, 0x0b, 0x03, 0x08, 0x13, 0x14, 0x17, 0x18, 0x25, 0x26, 0x05, 0x12, 0x19, 0x22, 0x23,
    0x24, 0x27, 0x28, 0x29, 0x35, 0x36, 0x0b, 0x0d, 0x06, 0x10, 0x12, 0x13, 0x16, 0x26, 0x31, 0x32,
    0x33, 0x34, 0x35, 0x01, 0x14, 0x15, 0x18, 0x20, 0x21, 0x22, 0x23, 0x24, 0x25, 0x28, 0x36, 0x37,
    0x05, 0x07, 0x03, 0x12, 0x13, 0x21, 0x22, 0x11, 0x14, 0x23, 0x25, 0x31, 0x32, 0x33, 0x07, 0x0b,
    0x07, 0x13, 0x14, 0x17, 0x25, 0x26, 0x27, 0x08, 0x12, 0x18, 0x22, 0x23, 0x24, 0x28, 0x35, 0x36,
    0x37, 0x38, 0x08, 0x0c, 0x01, 0x05, 0x11, 0x13, 0x15, 0x23, 0x25, 0x35, 0x03, 0x06, 0x10, 0x16,
    0x21, 0x26, 0x31, 0x32, 0x33, 0x36, 0x44, 0x45, 0x0e, 0x0a, 0x02, 0x05, 0x08, 0x11, 0x18, 0x21,
    0x25, 0x26, 0x27, 0x28, 0x31, 0x32, 0x33, 0x34, 0x03, 0x04, 0x07, 0x12, 0x15, 0x16, 0x17, 0x22,
    0x23, 0x24, 0x05, 0x09, 0x02, 0x11, 0x20, 0x22, 0x23, 0x13, 0x21, 0x25, 0x26, 0x28, 0x31, 0x32,
    0x33, 0x34, 0x0c, 0x08, 0x02, 0x07, 0x12, 0x17, 0x22, 0x27, 0x32, 0x33, 0x37, 0x44, 0x45, 0x46,
    0x03, 0x06, 0x13, 0x16, 0x23, 0x26, 0x34, 0x35, 0x0a, 0x07, 0x01, 0x04, 0x14, 0x23, 0x30, 0x33,
    0x40, 0x41, 0x42, 0x43, 0x03, 0x11, 0x13, 0x20, 0x22, 0x31, 0x32, 0x0e, 0x0a, 0x01, 0x11, 0x13,
    0x18, 0x21, 0x25, 0x27, 0x28, 0x32, 0x36, 0x42, 0x43, 0x44, 0x45, 0x12, 0x14, 0x16, 0x17, 0x22,
    0x24, 0x26, 0x33, 0x34, 0x35, 0x0c, 0x09, 0x03, 0x11, 0x15, 0x16, 0x22, 0x26, 0x32, 0x36, 0x42,
    0x43, 0x44, 0x45, 0x04, 0x12, 0x14, 0x21, 0x23, 0x25, 0x33, 0x34, 0x35, 0x08, 0x06, 0x04, 0x14,
    0x23, 0x25, 0x33, 0x41, 0x42, 0x43, 0x01, 0x03, 0x12, 0x13, 0x22, 0x32, 0x08, 0x05, 0x15, 0x17,
    0x22, 0x23, 0x24, 0x25, 0x31, 0x42, 0x11, 0x12, 0x13, 0x14, 0x21, 0x07, 0x0a, 0x04, 0x12, 0x14,
    0x21, 0x23, 0x24, 0x31, 0x11, 0x15, 0x22, 0x25, 0x32, 0x33, 0x34, 0x35, 0x41, 0x42, 0x07, 0x0c,
    0x05, 0x13, 0x14, 0x20, 0x21, 0x22, 0x23, 0x04, 0x06, 0x11, 0x12, 0x16, 0x24, 0x25, 0x30, 0x31,
    0x32, 0x33, 0x36, 0x07, 0x0a, 0x01, 0x03, 0x13, 0x23, 0x30, 0x31, 0x32, 0x12, 0x14, 0x15, 0x22,
    0x33, 0x34, 0x40, 0x41, 0x42, 0x53, 0x09, 0x07, 0x03, 0x16, 0x21, 0x25, 0x26, 0x31, 0x32, 0x33,
    0x34, 0x04, 0x10, 0x11, 0x15, 0x22, 0x23, 0x24, 0x08, 0x05, 0x05, 0x15, 0x23, 0x24, 0x25, 0x30,
    0x31, 0x32, 0x11, 0x13, 0x14, 0x21, 0x22, 0x07, 0x0c, 0x03, 0x13, 0x23, 0x30, 0x31, 0x32, 0x33,
    0x01, 0x04, 0x14, 0x21, 0x22, 0x24, 0x34, 0x40, 0x41, 0x42, 0x43, 0x44, 0x0a, 0x08, 0x02, 0x04,
    0x14, 0x24, 0x30, 0x33, 0x40, 0x41, 0x42, 0x43, 0x01, 0x10, 0x13, 0x20, 0x22, 0x23, 0x31, 0x32,
    0x08, 0x0c, 0x02, 0x05, 0x12, 0x16, 0x22, 0x24, 0x25, 0x32, 0x01, 0x07, 0x11, 0x17, 0x21, 0x26,
    0x27, 0x31, 0x34, 0x35, 0x42, 0x43, 0x07, 0x0b, 0x04, 0x12, 0x14, 0x21, 0x22, 0x30, 0x32, 0x05,
    0x11, 0x15, 0x23, 0x24, 0x25, 0x31, 0x41, 0x42, 0x43, 0x51, 0x0a, 0x08, 0x10, 0x13, 0x14, 0x24,
    0x30, 0x34, 0x41, 0x42, 0x43, 0x44, 0x00, 0x02, 0x12, 0x20, 0x21, 0x23, 0x32, 0x33, 0x0c, 0x10,
    0x02, 0x04, 0x12, 0x14, 0x22, 0x25, 0x32, 0x35, 0x42, 0x43, 0x44, 0x45, 0x01, 0x11, 0x13, 0x15,
    0x16, 0x21, 0x23, 0x26, 0x31, 0x36, 0x41, 0x46, 0x52, 0x53, 0x54, 0x55, 0x05, 0x09, 0x11, 0x13,
    0x20, 0x21, 0x32, 0x04, 0x10, 0x14, 0x24, 0x31, 0x33, 0x41, 0x42, 0x43, 0x09, 0x0c, 0x06, 0x11,
    0x15, 0x16, 0x21, 0x22, 0x23, 0x24, 0x25, 0x02, 0x10, 0x13, 0x17, 0x20, 0x26, 0x27, 0x31, 0x32,
    0x33, 0x34, 0x35, 0x0c, 0x09, 0x01, 0x11, 0x16, 0x18, 0x23, 0x25, 0x26, 0x30, 0x31, 0x32, 0x33,
    0x34, 0x02, 0x05, 0x10, 0x12, 0x13, 0x14, 0x15, 0x21, 0x24, 0x06, 0x0a, 0x02, 0x13, 0x22, 0x23,
    0x31, 0x32, 0x03, 0x14, 0x16, 0x20, 0x24, 0x33, 0x40, 0x41, 0x42, 0x43, 0x07, 0x0a, 0x04, 0x14,
    0x20, 0x21, 0x22, 0x23, 0x24, 0x05, 0x11, 0x15, 0x25, 0x30, 0x31, 0x32, 0x33, 0x34, 0x35, 0x07,
    0x09, 0x04, 0x13, 0x14, 0x21, 0x22, 0x23, 0x30, 0x05, 0x11, 0x15, 0x24, 0x31, 0x32, 0x33, 0x35,
    0x51, 0x06, 0x09, 0x01, 0x11, 0x15, 0x21, 0x23, 0x24, 0x05, 0x16, 0x25, 0x26, 0x30, 0x31, 0x32,
    0x33, 0x34, 0x08, 0x0c, 0x03, 0x13, 0x20, 0x21, 0x23, 0x31, 0x32, 0x33, 0x04, 0x10, 0x12, 0x14,
    0x24, 0x30, 0x34, 0x40, 0x41, 0x42, 0x43, 0x44, 0x08, 0x0b, 0x03, 0x10, 0x14, 0x21, 0x22, 0x24,
    0x32, 0x33, 0x02, 0x04, 0x05, 0x15, 0x25, 0x31, 0x34, 0x35, 0x41, 0x42, 0x43, 0x06, 0x09, 0x05,
    0x10, 0x11, 0x14, 0x22, 0x23, 0x03, 0x15, 0x16, 0x21, 0x24, 0x31, 0x32, 0x33, 0x35, 0x0b, 0x08,
    0x06, 0x12, 0x16, 0x20, 0x24, 0x25, 0x30, 0x31, 0x32, 0x33, 0x36, 0x01, 0x03, 0x11, 0x14, 0x15,
    0x21, 0x22, 0x23, 0x0a, 0x07, 0x15, 0x17, 0x20, 0x24, 0x25, 0x31, 0x33, 0x41, 0x43, 0x52, 0x10,
    0x11, 0x13, 0x14, 0x21, 0x23, 0x32, 0x0b, 0x07, 0x01, 0x02, 0x15, 0x17, 0x22, 0x23, 0x24, 0x25,
    0x31, 0x32, 0x51, 0x04, 0x11, 0x12, 0x13, 0x14, 0x20, 0x21, 0x09, 0x05, 0x14, 0x16, 0x20, 0x24,
    0x30, 0x31, 0x32, 0x33, 0x34, 0x10, 0x13, 0x21, 0x22, 0x23, 0x09, 0x07, 0x04, 0x14, 0x22, 0x24,
    0x31, 0x33, 0x35, 0x41, 0x43, 0x03, 0x11, 0x13, 0x20, 0x21, 0x23, 0x32, 0x0e, 0x09, 0x02, 0x12,
    0x14, 0x16, 0x22, 0x23, 0x26, 0x35, 0x41, 0x42, 0x43, 0x44, 0x45, 0x61, 0x01, 0x11, 0x15, 0x21,
    0x24, 0x31, 0x32, 0x33, 0x34, 0x07, 0x07, 0x10, 0x14, 0x23, 0x24, 0x32, 0x41, 0x42, 0x03, 0x12,
    0x13, 0x21, 0x22, 0x30, 0x31, 0x06, 0x09, 0x04, 0x12, 0x13, 0x22, 0x30, 0x31, 0x03, 0x14, 0x16,
    0x23, 0x24, 0x32, 0x40, 0x41, 0x42, 0x0b, 0x08, 0x06, 0x10, 0x11, 0x16, 0x24, 0x25, 0x26, 0x30,
    0x31, 0x32, 0x33, 0x01, 0x12, 0x14, 0x15, 0x20, 0x21, 0x22, 0x23, 0x0e, 0x09, 0x02, 0x12, 0x15,
    0x18, 0x1a, 0x22, 0x28, 0x32, 0x33, 0x34, 0x35, 0x36, 0x37, 0x38, 0x03, 0x07, 0x13, 0x17, 0x23,
    0x24, 0x25, 0x26, 0x27, 0x08, 0x0d, 0x04, 0x10, 0x14, 0x20, 0x21, 0x22, 0x23, 0x24, 0x00, 0x01,
    0x11, 0x12, 0x15, 0x17, 0x26, 0x30, 0x31, 0x32, 0x33, 0x34, 0x35, 0x0d, 0x0b, 0x12, 0x15, 0x19,
    0x1b, 0x22, 0x23, 0x29, 0x33, 0x36, 0x39, 0x44, 0x45, 0x47, 0x02, 0x04, 0x13, 0x16, 0x18, 0x24,
    0x25, 0x27, 0x28, 0x34, 0x35, 0x07, 0x04, 0x15, 0x23, 0x24, 0x25, 0x30, 0x31, 0x32, 0x12, 0x13,
    0x14, 0x21, 0x07, 0x0b, 0x04, 0x13, 0x14, 0x23, 0x30, 0x31, 0x32, 0x01, 0x05, 0x15, 0x20, 0x24,
    0x25, 0x33, 0x40, 0x41, 0x42, 0x43, 0x0b, 0x08, 0x06, 0x12, 0x13, 0x16, 0x24, 0x25, 0x30, 0x31,
    0x32, 0x33, 0x36, 0x01, 0x03, 0x11, 0x14, 0x15, 0x21, 0x22, 0x23, 0x0b, 0x0e, 0x03, 0x05, 0x12,
    0x16, 0x22, 0x26, 0x32, 0x33, 0x34, 0x35, 0x36, 0x06, 0x07, 0x11, 0x15, 0x17, 0x21, 0x27, 0x31,
    0x37, 0x42, 0x43, 0x44, 0x45, 0x46, 0x08, 0x06, 0x01, 0x15, 0x23, 0x24, 0x26, 0x32, 0x41, 0x42,
    0x10, 0x13, 0x21, 0x22, 0x30, 0x31, 0x0d, 0x0b, 0x11, 0x14, 0x17, 0x21, 0x24, 0x27, 0x31, 0x36,
    0x42, 0x43, 0x44, 0x45, 0x46, 0x01, 0x04, 0x12, 0x13, 0x15, 0x16, 0x22, 0x32, 0x33, 0x34, 0x35,
    0x09, 0x10, 0x02, 0x12, 0x13, 0x23, 0x26, 0x33, 0x34, 0x35, 0x36, 0x01, 0x03, 0x04, 0x11, 0x17,
    0x22, 0x24, 0x27, 0x32, 0x37, 0x42, 0x43, 0x44, 0x45, 0x46, 0x47, 0x05, 0x08, 0x03, 0x13, 0x20,
    0x21, 0x23, 0x04, 0x14, 0x24, 0x30, 0x31, 0x32, 0x33, 0x34, 0x06, 0x0a, 0x04, 0x11, 0x14, 0x22,
    0x23, 0x24, 0x02, 0x05, 0x15, 0x20, 0x25, 0x31, 0x32, 0x33, 0x34, 0x35, 0x08, 0x0d, 0x02, 0x06,
    0x12, 0x16, 0x22, 0x23, 0x24, 0x25, 0x01, 0x07, 0x11, 0x13, 0x17, 0x21, 0x26, 0x31, 0x32, 0x33,
    0x34, 0x35, 0x36, 0x0b, 0x07, 0x03, 0x13, 0x14, 0x24, 0x30, 0x34, 0x40, 0x41, 0x42, 0x43, 0x44,
    0x12, 0x20, 0x21, 0x23, 0x31, 0x32, 0x33, 0x07, 0x0b, 0x00, 0x04, 0x12, 0x14, 0x21, 0x22, 0x24,
    0x02, 0x03, 0x05, 0x15, 0x25, 0x31, 0x32, 0x33, 0x34, 0x35, 0x41, 0x0e, 0x0a, 0x03, 0x12, 0x17,
    0x19, 0x22, 0x27, 0x32, 0x37, 0x42, 0x46, 0x47, 0x53, 0x54, 0x55, 0x13, 0x16, 0x23, 0x24, 0x26,
    0x33, 0x35, 0x36, 0x43, 0x44, 0x08, 0x0b, 0x04, 0x10, 0x14, 0x20, 0x21, 0x22, 0x23, 0x24, 0x01,
    0x05, 0x12, 0x15, 0x25, 0x30, 0x31, 0x32, 0x33, 0x34, 0x35, 0x0a, 0x0d, 0x03, 0x05, 0x11, 0x13,
    0x14, 0x21, 0x22, 0x24, 0x30, 0x31, 0x01, 0x02, 0x10, 0x15, 0x17, 0x23, 0x25, 0x32, 0x33, 0x34,
    0x35, 0x41, 0x52, 0x0b, 0x08, 0x10, 0x12, 0x15, 0x17, 0x25, 0x34, 0x41, 0x42, 0x43, 0x44, 0x61,
    0x01, 0x13, 0x23, 0x24, 0x31, 0x32, 0x33, 0x40, 0x07, 0x0c, 0x13, 0x14, 0x21, 0x22, 0x24, 0x33,
    0x34, 0x01, 0x03, 0x05, 0x15, 0x25, 0x30, 0x31, 0x32, 0x35, 0x43, 0x44, 0x52, 0x0e, 0x0c, 0x11,
    0x14, 0x17, 0x18, 0x21, 0x24, 0x28, 0x32, 0x33, 0x38, 0x44, 0x45, 0x46, 0x47, 0x01, 0x04, 0x06,
    0x12, 0x13, 0x16, 0x23, 0x27, 0x34, 0x35, 0x36, 0x37, 0x08, 0x08, 0x05, 0x15, 0x24, 0x25, 0x30,
    0x31, 0x32, 0x33, 0x00, 0x03, 0x04, 0x14, 0x20, 0x21, 0x22, 0x23, 0x0c, 0x09, 0x10, 0x12, 0x15,
    0x23, 0x25, 0x30, 0x34, 0x40, 0x41, 0x42, 0x43, 0x45, 0x11, 0x13, 0x14, 0x20, 0x21, 0x24, 0x31,
    0x32, 0x33, 0x0a, 0x09, 0x06, 0x16, 0x18, 0x21, 0x25, 0x26, 0x31, 0x32, 0x33, 0x34, 0x00, 0x04,
    0x11, 0x12, 0x15, 0x20, 0x22, 0x23, 0x24, 0x0b, 0x09, 0x03, 0x13, 0x16, 0x22, 0x25, 0x27, 0x30,
    0x31, 0x32, 0x33, 0x34, 0x00, 0x11, 0x12, 0x14, 0x15, 0x20, 0x21, 0x23, 0x24, 0x0a, 0x07, 0x01,
    0x15, 0x20, 0x24, 0x26, 0x31, 0x32, 0x33, 0x34, 0x51, 0x02, 0x03, 0x10, 0x14, 0x21, 0x22, 0x23,
    0x0a, 0x08, 0x05, 0x10, 0x11, 0x15, 0x24, 0x25, 0x31, 0x32, 0x33, 0x51, 0x00, 0x04, 0x13, 0x14,
    0x20, 0x21, 0x22, 0x23, 0x09, 0x07, 0x05, 0x15, 0x21, 0x24, 0x25, 0x31, 0x33, 0x42, 0x44, 0x03,
    0x10, 0x11, 0x14, 0x22, 0x23, 0x32, 0x0a, 0x06, 0x02, 0x15, 0x17, 0x20, 0x21, 0x25, 0x32, 0x33,
    0x34, 0x41, 0x03, 0x10, 0x11, 0x14, 0x22, 0x23, 0x08, 0x0c, 0x00, 0x04, 0x14, 0x20, 0x21, 0x22,
    0x23, 0x24, 0x01, 0x05, 0x11, 0x12, 0x13, 0x15, 0x25, 0x31, 0x33, 0x34, 0x35, 0x41, 0x08, 0x0b,
    0x11, 0x12, 0x14, 0x24, 0x31, 0x32, 0x33, 0x34, 0x01, 0x10, 0x15, 0x25, 0x30, 0x35, 0x41, 0x42,
    0x43, 0x44, 0x45, 0x06, 0x0a, 0x10, 0x11, 0x21, 0x22, 0x23, 0x24, 0x05, 0x15, 0x20, 0x25, 0x30,
    0x31, 0x32, 0x33, 0x34, 0x35, 0x07, 0x0b, 0x06, 0x12, 0x13, 0x16, 0x24, 0x25, 0x26, 0x07, 0x11,
    0x17, 0x21, 0x22, 0x23, 0x27, 0x34, 0x35, 0x36, 0x37, 0x0a, 0x08, 0x10, 0x11, 0x12, 0x15, 0x25,
    0x31, 0x32, 0x33, 0x34, 0x35, 0x01, 0x03, 0x14, 0x20, 0x21, 0x22, 0x23, 0x24, 0x07, 0x0a, 0x10,
    0x13, 0x22, 0x23, 0x30, 0x31, 0x32, 0x03, 0x12, 0x14, 0x20, 0x24, 0x34, 0x40, 0x41, 0x42, 0x43,
    0x0b, 0x08, 0x02, 0x06, 0x10, 0x16, 0x25, 0x26, 0x30, 0x31, 0x32, 0x33, 0x34, 0x03, 0x05, 0x15,
    0x20, 0x21, 0x22, 0x23, 0x24, 0x0a, 0x07, 0x12, 0x19, 0x22, 0x23, 0x24, 0x25, 0x28, 0x29, 0x36,
    0x37, 0x13, 0x14, 0x15, 0x17, 0x18, 0x26, 0x27, 0x08, 0x06, 0x05, 0x15, 0x24, 0x25, 0x31, 0x32,
    0x33, 0x51, 0x03, 0x12, 0x14, 0x21, 0x22, 0x23, 0x09, 0x08, 0x03, 0x14, 0x16, 0x24, 0x33, 0x34,
    0x40, 0x41, 0x42, 0x04, 0x12, 0x13, 0x20, 0x23, 0x30, 0x31, 0x32, 0x08, 0x0d, 0x04, 0x11, 0x12,
    0x14, 0x21, 0x24, 0x32, 0x33, 0x01, 0x03, 0x05, 0x10, 0x15, 0x20, 0x25, 0x31, 0x34, 0x35, 0x42,
    0x43, 0x51, 0x0c, 0x12, 0x23, 0x25, 0x27, 0x33, 0x37, 0x43, 0x47, 0x53, 0x54, 0x55, 0x56, 0x57,
    0x13, 0x14, 0x15, 0x16, 0x17, 0x22, 0x28, 0x32, 0x38, 0x42, 0x48, 0x52, 0x58, 0x63, 0x64, 0x65,
    0x66, 0x67, 0x08, 0x06, 0x01, 0x04, 0x14, 0x24, 0x31, 0x32, 0x33, 0x34, 0x02, 0x10, 0x11, 0x13,
    0x22, 0x23, 0x07, 0x0b, 0x03, 0x14, 0x20, 0x21, 0x22, 0x23, 0x24, 0x02, 0x04, 0x05, 0x15, 0x25,
    0x30, 0x31, 0x32, 0x33, 0x34, 0x35, 0x07, 0x0e, 0x10, 0x13, 0x15, 0x21, 0x22, 0x23, 0x24, 0x03,
    0x04, 0x14, 0x17, 0x20, 0x25, 0x28, 0x30, 0x31, 0x32, 0x33, 0x34, 0x35, 0x37, 0x05, 0x07, 0x03,
    0x11, 0x12, 0x20, 0x21, 0x01, 0x04, 0x14, 0x23, 0x30, 0x31, 0x32, 0x0a, 0x07, 0x11, 0x18, 0x21,
    0x22, 0x23, 0x24, 0x25, 0x26, 0x27, 0x28, 0x02, 0x12, 0x13, 0x14, 0x15, 0x16, 0x17, 0x0e, 0x15,
    0x13, 0x14, 0x22, 0x25, 0x31, 0x36, 0x41, 0x42, 0x44, 0x46, 0x52, 0x53, 0x54, 0x55, 0x03, 0x04,
    0x11, 0x12, 0x15, 0x17, 0x21, 0x26, 0x30, 0x33, 0x37, 0x40, 0x43, 0x47, 0x51, 0x56, 0x61, 0x62,
    0x63, 0x64, 0x65, 0x05, 0x06, 0x04, 0x13, 0x20, 0x21, 0x22, 0x14, 0x15, 0x23, 0x31, 0x32, 0x33,
    0x0a, 0x07, 0x03, 0x05, 0x11, 0x15, 0x24, 0x30, 0x31, 0x32, 0x33, 0x34, 0x01, 0x04, 0x13, 0x20,
    0x21, 0x22, 0x23, 0x0b, 0x08, 0x05, 0x07, 0x19, 0x22, 0x23, 0x27, 0x28, 0x2a, 0x34, 0x35, 0x36,
    0x06, 0x13, 0x16, 0x17, 0x18, 0x24, 0x25, 0x26, 0x0a, 0x08, 0x02, 0x05, 0x15, 0x23, 0x24, 0x25,
    0x32, 0x40, 0x41, 0x42, 0x04, 0x10, 0x12, 0x13, 0x14, 0x20, 0x22, 0x31, 0x07, 0x0a, 0x03, 0x13,
    0x14, 0x17, 0x18, 0x25, 0x26, 0x12, 0x19, 0x1a, 0x22, 0x23, 0x24, 0x27, 0x28, 0x35, 0x36,
};
